-- This file contains the "hr" database schema, data, and 3 queries
-- repeated several times, so we can get some good stats for sample
-- pg_stat_statements queries. This file is meant to be loaded
-- via psql only

-- load pg_stat_statements extension and restart PG

\! echo "shared_preload_libraries = 'pg_stat_statements'" >> postgresql.conf
\! pg_ctl restart --mode=immediate -D .
\c

-- database schema

CREATE TABLE regions (
  region_id INTEGER PRIMARY KEY GENERATED BY DEFAULT AS IDENTITY,
  region_name VARCHAR(30)
);

INSERT INTO regions
  (region_id, region_name)
VALUES
  (1,'Europe'),
  (2,'Americas'),
  (3,'Asia'),
  (4,'Middle East and Africa');

CREATE TABLE countries (
  country_id CHAR(2) PRIMARY KEY,
  country_name VARCHAR(45),
  region_id INTEGER NOT NULL REFERENCES regions (region_id) 
);

INSERT INTO countries(country_id,country_name,region_id) VALUES
  ('AR','Argentina',2),
  ('AU','Australia',3),
  ('BE','Belgium',1),
  ('BR','Brazil',2),
  ('CA','Canada',2),
  ('CH','Switzerland',1),
  ('CN','China',3),
  ('DE','Germany',1),
  ('DK','Denmark',1),
  ('EG','Egypt',4),
  ('FR','France',1),
  ('HK','HongKong',3),
  ('IL','Israel',4),
  ('IN','India',3),
  ('IT','Italy',1),
  ('JP','Japan',3),
  ('KW','Kuwait',4),
  ('MX','Mexico',2),
  ('NG','Nigeria',4),
  ('NL','Netherlands',1),
  ('SG','Singapore',3),
  ('UK','United Kingdom',1),
  ('US','United States of America',2),
  ('ZM','Zambia',4),
  ('ZW','Zimbabwe',4);

CREATE TABLE locations (
  location_id INTEGER PRIMARY KEY GENERATED BY DEFAULT AS IDENTITY,
  street_address VARCHAR(45),
  postal_code VARCHAR(12),
  city VARCHAR (30) NOT NULL,
  state_province VARCHAR (25),
  country_id CHAR(2) NOT NULL REFERENCES countries (country_id) 
);

INSERT INTO locations
  (location_id,street_address,postal_code,city,state_province,country_id)
VALUES 
  (1,'9122 Rockfeller Rd','34232','Effingham','Indiana','US'),
  (2,'44 Isaac Newton Ave','54898','London','London','UK'),
  (3,'Deutschland 3232','79822','Munich','Bavaria','DE'),
  (4,'210 W Main St','84032','Lehi','Utah','US');

CREATE TABLE departments (
  department_id INTEGER PRIMARY KEY GENERATED BY DEFAULT AS IDENTITY,
  department_name VARCHAR (30) NOT NULL,
  location_id INTEGER REFERENCES locations (location_id) 
);

INSERT INTO departments
  (department_id, department_name, location_id)
VALUES
  (1,'Management', 1),
  (2,'Information Technology',2),
  (3,'Human Resources',3),
  (4,'Sales',1);

CREATE TABLE employees (
  employee_id INTEGER PRIMARY KEY GENERATED BY DEFAULT AS IDENTITY,
  first_name VARCHAR(20),
  last_name VARCHAR(25) NOT NULL,
  start_date DATE NOT NULL DEFAULT CURRENT_DATE,
  job_title VARCHAR(100) NOT NULL,
  salary NUMERIC (9, 2) NOT NULL,
  manager_id INTEGER,
  department_id INTEGER,
  FOREIGN KEY (department_id) REFERENCES departments (department_id),
  FOREIGN KEY (manager_id) REFERENCES employees (employee_id) 
);

CREATE TABLE dependents (
  dependent_id INTEGER PRIMARY KEY GENERATED BY DEFAULT AS IDENTITY,
  first_name VARCHAR (50) NOT NULL,
  last_name VARCHAR (50) NOT NULL,
  employee_id INTEGER NOT NULL REFERENCES employees (employee_id)
);

-- sample data

\pset pager off

CREATE EXTENSION pg_stat_stataments;

COPY public.employees (employee_id, first_name, last_name, start_date, job_title, salary, manager_id, department_id) FROM stdin;
1	John	Smith	1989-05-07	President	364000.00	\N	1
2	Pointy	HairedBoss	1999-08-12	CTO	270000.00	1	2
3	Dilbertzoni	DeScrewed	2001-02-02	Software Engineer	77000.00	1	2
4	Vanda	Socialist	1994-03-06	VP Equity Diversity Inclusion	90000.00	1	3
5	Howard	TheDuck	2001-08-11	VP Sales	80000.00	1	4
9	Ben	Pack	1987-09-19	Director of Bean Counting	145045.00	1	1
42	Steve	Sowell	1996-03-21	Director of Bean Counting	289466.00	1	1
603	Kathryn	Sheeran	2014-05-09	Director of Bean Counting	136597.00	1	1
8	Lea	Palpatine	2009-07-04	UI Designer	87000.00	2	2
24	Magdalena	Pine	1997-10-17	Director of Bean Counting	173600.00	2	2
31	Juli	Lincoln	2017-03-10	Director of Bean Counting	48843.00	2	2
466	Jango	Hill	1974-09-17	Director of Bean Counting	278833.00	3	2
681	James	Wunderlich	2016-05-27	Director of Bean Counting	51823.00	3	2
733	Kyle	Johnson	1972-03-22	Director of Bean Counting	361614.00	3	2
7	John	SkipWork	2003-05-03	HR Henchman	86000.00	4	3
13	Sally	Lance	2021-09-11	Director of Bean Counting	142144.00	4	3
370	Ashley	Nicholson	1988-12-07	Director of Bean Counting	123021.00	4	3
380	Lisa	Johnson	2005-04-12	Director of Bean Counting	198078.00	4	3
6	Luke	Fett	2007-07-21	Sales Guy	68000.00	5	4
10	Karly	Hinckley	1974-06-19	Director of Bean Counting	112831.00	5	4
22	Isabella	Pack	1997-09-03	Director of Bean Counting	272413.00	5	4
121	Jonathan	Wunderlich	1999-11-10	Director of Bean Counting	277019.00	5	4
214	Magdalena	Mises	2002-05-08	Director of Bean Counting	117992.00	5	4
17	Lucas	Fett	2003-11-22	Director of Bean Counting	358837.00	9	1
30	Danielle	Miller	1974-09-08	Director of Bean Counting	182742.00	9	1
138	Lucy	Sheeran	1988-05-22	Director of Bean Counting	116498.00	9	1
291	George	Ford	1985-03-02	Director of Bean Counting	71335.00	9	1
63	Sarah	Lincoln	1970-07-30	Director of Bean Counting	104445.00	42	1
66	Derek	Abramson	1997-05-22	Director of Bean Counting	256018.00	42	1
11	Kathy	Waters	1977-04-24	Director of Bean Counting	190778.00	8	2
61	Liz	Cameron	1970-08-10	Director of Bean Counting	339616.00	8	2
173	Harry	Skykiller	2016-03-27	Director of Bean Counting	54977.00	8	2
472	Renata	Skykiller	1995-06-20	Director of Bean Counting	294270.00	8	2
47	Lisa	Barton	1991-07-21	Director of Bean Counting	343206.00	24	2
87	Renata	Pine	1999-04-22	Director of Bean Counting	51122.00	24	2
95	Jango	Potter	2005-08-19	Director of Bean Counting	323729.00	24	2
36	Paul	Rothbard	2015-11-25	Director of Bean Counting	169188.00	31	2
41	Lisa	Hinckley	2004-05-09	Director of Bean Counting	215527.00	31	2
622	Sarah	Smith	1978-07-19	Director of Bean Counting	91822.00	31	2
722	Donald	Lance	1986-05-12	Director of Bean Counting	421765.00	31	2
799	Chris	Lance	2006-12-16	Director of Bean Counting	182842.00	681	2
99	Liz	Cameron	2013-12-22	Director of Bean Counting	406892.00	7	3
193	Brian	Schiff	2015-02-20	Director of Bean Counting	136346.00	7	3
210	Kathryn	Friedman	1990-06-25	Director of Bean Counting	174092.00	7	3
898	Rafael	Franklin	1971-10-02	Director of Bean Counting	163338.00	7	3
967	Alexander	Johnson	2003-02-05	Director of Bean Counting	33731.00	7	3
15	Renata	Aldrin	1992-03-28	Director of Bean Counting	190530.00	13	3
16	Ashley	Franklin	1992-08-24	Director of Bean Counting	189049.00	13	3
49	Lea	Patrick	2003-09-05	Director of Bean Counting	90406.00	13	3
423	Derek	Fett	1977-03-13	Director of Bean Counting	195758.00	380	3
541	Joseph	Schiff	1997-12-17	Director of Bean Counting	317309.00	380	3
885	Lucas	Hartwell	2008-12-04	Director of Bean Counting	321653.00	380	3
12	Brandon	Doctor	1976-09-11	Director of Bean Counting	88809.00	6	4
19	Benjamin	Skykiller	2015-08-15	Director of Bean Counting	97404.00	6	4
37	Ashley	Smith	2011-07-01	Director of Bean Counting	256496.00	6	4
62	Liz	Sheeran	1997-05-29	Director of Bean Counting	72701.00	6	4
85	Andre	Hartwell	2013-02-23	Director of Bean Counting	339698.00	6	4
98	Luke	Smith	2006-01-30	Director of Bean Counting	364493.00	6	4
216	Derek	Senna	1993-02-15	Director of Bean Counting	413617.00	6	4
25	Cody	Miller	1996-12-06	Director of Bean Counting	249732.00	10	4
59	Luke	Pack	2017-12-27	Director of Bean Counting	185573.00	10	4
67	Danielle	Skykiller	2001-04-03	Director of Bean Counting	81600.00	10	4
158	Han	Hartwell	1972-02-23	Director of Bean Counting	290052.00	10	4
756	Jillian	Pine	1972-01-14	Director of Bean Counting	219963.00	10	4
48	Jonah	Armstrong	2022-04-22	Director of Bean Counting	78151.00	22	4
75	Karly	Lance	2015-12-04	Director of Bean Counting	420531.00	22	4
249	Lea	Friedman	1979-09-04	Director of Bean Counting	122818.00	22	4
843	Jill	Mises	1978-10-18	Director of Bean Counting	155152.00	22	4
887	Travis	Tenney	1981-12-02	Director of Bean Counting	274108.00	22	4
131	Lehi	Smith	2012-06-28	Director of Bean Counting	70662.00	121	4
199	Derek	Barton	2009-01-29	Director of Bean Counting	293586.00	121	4
306	Luke	Friedman	1987-03-07	Director of Bean Counting	171977.00	121	4
433	Andre	Miller	2020-12-21	Director of Bean Counting	49311.00	121	4
870	Sally	Jamison	2008-10-26	Director of Bean Counting	184467.00	121	4
28	Lucy	Wunderlich	1994-07-06	Director of Bean Counting	175729.00	17	1
35	Juli	Armstrong	1990-11-19	Director of Bean Counting	121465.00	30	1
38	Isabella	Fett	1971-04-14	Director of Bean Counting	349268.00	30	1
45	Kathryn	Mises	1988-07-11	Director of Bean Counting	249321.00	30	1
167	Juli	Smith	2020-04-24	Director of Bean Counting	310040.00	30	1
617	Abraham	Aldrin	1983-09-27	Director of Bean Counting	358906.00	30	1
726	Alvin	Abramson	1975-09-16	Director of Bean Counting	150004.00	30	1
201	Jillian	Johnson	1995-05-08	Director of Bean Counting	413956.00	138	1
368	Kathryn	Pine	2003-08-29	Director of Bean Counting	387114.00	138	1
698	Lea	Cruise	2000-03-31	Director of Bean Counting	208397.00	138	1
570	Karly	Miller	1976-06-10	Director of Bean Counting	405808.00	291	1
673	Chris	Franklin	1974-03-25	Director of Bean Counting	383032.00	291	1
714	Priscilla	Schiff	2003-04-26	Director of Bean Counting	371717.00	291	1
848	Lucy	Aldrin	2019-10-22	Director of Bean Counting	302113.00	291	1
90	Joseph	Aldrin	2014-05-08	Director of Bean Counting	263739.00	63	1
92	Alex	Sheeran	2013-08-30	Director of Bean Counting	164863.00	66	1
110	Macy	Cameron	1993-01-30	Director of Bean Counting	403394.00	66	1
149	John	Cannon	2007-02-14	Director of Bean Counting	228378.00	66	1
281	Kathy	Hemsworth	2013-06-07	Director of Bean Counting	225840.00	66	1
582	Jill	Senna	1972-03-14	Director of Bean Counting	288871.00	66	1
20	Kathy	Patrick	1993-05-31	Director of Bean Counting	122731.00	11	2
23	Alexander	Doctor	1985-03-13	Director of Bean Counting	95713.00	11	2
26	Sarah	Cameron	1973-11-09	Director of Bean Counting	133171.00	11	2
44	Renata	Mises	1980-08-21	Director of Bean Counting	418171.00	11	2
52	Sarah	Wunderlich	1976-01-22	Director of Bean Counting	374167.00	11	2
54	Isabella	Pine	1973-12-21	Director of Bean Counting	119771.00	11	2
56	Ashley	Sowell	1993-02-24	Director of Bean Counting	206174.00	11	2
123	Magdalena	Schiff	2014-02-28	Director of Bean Counting	318174.00	11	2
267	Danielle	Hamilton	2016-06-18	Director of Bean Counting	189737.00	11	2
369	Alexander	Cameron	1974-10-23	Director of Bean Counting	91612.00	11	2
310	Karly	Cannon	2002-07-06	Director of Bean Counting	347290.00	61	2
516	Ashley	Cameron	2012-07-05	Director of Bean Counting	428968.00	61	2
155	Paul	Schiff	2017-05-01	Director of Bean Counting	235675.00	47	2
89	Renata	Smith	2007-12-11	Director of Bean Counting	285403.00	87	2
238	Joseph	Miller	1972-10-13	Director of Bean Counting	287537.00	87	2
598	Sarah	Wilson	1993-02-04	Director of Bean Counting	295383.00	87	2
135	Harry	Doctor	1989-03-30	Director of Bean Counting	293382.00	95	2
344	Liz	Miller	1976-06-28	Director of Bean Counting	294999.00	95	2
419	Alex	Barton	1978-05-05	Director of Bean Counting	270730.00	95	2
425	Danielle	Mises	2019-06-30	Director of Bean Counting	244034.00	95	2
53	Alexander	Franklin	2010-10-31	Director of Bean Counting	37575.00	36	2
191	Elizabeth	Franklin	2018-12-25	Director of Bean Counting	320241.00	36	2
332	Chris	Cruise	2003-12-25	Director of Bean Counting	234379.00	36	2
68	Demi	Tenney	2001-06-24	Director of Bean Counting	90846.00	41	2
79	Andre	Lincoln	2019-07-30	Director of Bean Counting	109991.00	41	2
206	Bobba	Armstrong	2022-07-07	Director of Bean Counting	319972.00	41	2
564	Lehi	Hartwell	1984-05-03	Director of Bean Counting	295292.00	41	2
782	Isabella	Rothbard	1995-02-13	Director of Bean Counting	315365.00	622	2
220	Priscilla	Cameron	2020-05-12	Director of Bean Counting	305595.00	99	3
290	Lisa	Brown	1980-11-18	Director of Bean Counting	391848.00	99	3
388	Kathy	Hill	1981-03-20	Director of Bean Counting	297607.00	99	3
454	Magdalena	Hill	2021-11-30	Director of Bean Counting	149755.00	193	3
734	Bobba	Sowell	1973-12-08	Director of Bean Counting	190459.00	210	3
926	Magdalena	Armstrong	2018-09-10	Director of Bean Counting	176713.00	898	3
43	Kathleen	Potter	2020-04-30	Director of Bean Counting	168560.00	15	3
46	Renan	Smith	1978-05-07	Director of Bean Counting	189332.00	15	3
700	Mark	Brown	2010-11-05	Director of Bean Counting	175822.00	15	3
959	Jillian	Armstrong	1974-09-14	Director of Bean Counting	94816.00	15	3
21	Lisa	Bezos	1973-03-31	Director of Bean Counting	366724.00	16	3
27	Lucy	Doctor	2008-03-04	Director of Bean Counting	47808.00	16	3
29	Kyle	Senna	1999-03-05	Director of Bean Counting	382513.00	16	3
33	Chris	Bezos	1995-12-21	Director of Bean Counting	233959.00	16	3
122	Joseph	Potter	1995-11-10	Director of Bean Counting	428930.00	16	3
236	Amidala	Pine	1987-11-11	Director of Bean Counting	283840.00	16	3
298	Karly	Miller	2001-02-03	Director of Bean Counting	138328.00	16	3
452	George	Lance	2001-09-21	Director of Bean Counting	187513.00	16	3
675	Rafael	Miller	1981-02-13	Director of Bean Counting	211049.00	16	3
91	Renata	Pine	2008-12-04	Director of Bean Counting	131186.00	49	3
136	Isabella	Wilson	2020-02-04	Director of Bean Counting	106709.00	49	3
198	Jango	Fett	1976-04-10	Director of Bean Counting	199550.00	49	3
401	Moroni	Armstrong	2022-05-30	Director of Bean Counting	393983.00	49	3
911	Igor	Johnson	2017-02-15	Director of Bean Counting	105376.00	49	3
985	Chris	Rothbard	2010-01-10	Director of Bean Counting	262972.00	423	3
774	Mary	Senna	1994-08-14	Director of Bean Counting	428787.00	541	3
14	Ashley	Smith	2007-08-09	Director of Bean Counting	225443.00	12	4
58	Lea	Waters	1980-10-24	Director of Bean Counting	428078.00	19	4
78	Abraham	Ford	1991-12-20	Director of Bean Counting	280956.00	19	4
160	Magdalena	Hamilton	2009-11-02	Director of Bean Counting	433476.00	19	4
476	Macy	Waters	2015-12-18	Director of Bean Counting	337262.00	19	4
124	George	Lincoln	1982-09-16	Director of Bean Counting	378518.00	37	4
217	Amidala	Pine	2010-07-19	Director of Bean Counting	197486.00	62	4
456	Alex	Doctor	1975-06-10	Director of Bean Counting	164195.00	62	4
143	Alex	Waters	1971-06-30	Director of Bean Counting	380092.00	85	4
180	Lehi	Franklin	1999-04-20	Director of Bean Counting	260202.00	85	4
116	Macy	Wunderlich	1982-11-28	Director of Bean Counting	384516.00	98	4
118	Renata	Cannon	1991-04-02	Director of Bean Counting	365120.00	98	4
307	Steve	Smith	2019-04-04	Director of Bean Counting	38585.00	98	4
992	Kathy	Cannon	1999-02-09	Director of Bean Counting	42548.00	98	4
229	Mickey	Senna	1998-07-30	Director of Bean Counting	294347.00	216	4
492	Isabella	Lance	1979-09-20	Director of Bean Counting	170076.00	216	4
282	Sarah	Franklin	1994-07-09	Director of Bean Counting	123953.00	25	4
632	Demi	Sheeran	1971-09-05	Director of Bean Counting	231605.00	25	4
105	Kathy	Cruise	1985-05-24	Director of Bean Counting	255216.00	59	4
437	George	Abramson	1994-09-17	Director of Bean Counting	345537.00	59	4
254	Karly	Abramson	2012-06-03	Director of Bean Counting	217382.00	67	4
274	Kathleen	Nicholson	2014-08-10	Director of Bean Counting	278548.00	67	4
288	Han	Abramson	1982-07-28	Director of Bean Counting	74272.00	67	4
294	Demi	Aldrin	2002-08-17	Director of Bean Counting	137609.00	67	4
301	Obi	Brown	1970-04-04	Director of Bean Counting	265344.00	158	4
845	Jordan	Tenney	1974-01-04	Director of Bean Counting	383338.00	756	4
119	Ashley	Wunderlich	2021-01-15	Director of Bean Counting	343122.00	48	4
129	Travis	Cameron	1996-01-10	Director of Bean Counting	64463.00	48	4
141	Kathleen	Mises	1972-07-19	Director of Bean Counting	251273.00	48	4
300	Alex	Rothbard	1999-07-18	Director of Bean Counting	410957.00	249	4
314	Erik	Evans	2007-05-31	Director of Bean Counting	235875.00	249	4
960	Jared	Skykiller	1989-12-26	Director of Bean Counting	32951.00	887	4
202	Alex	Friedman	1994-09-28	Director of Bean Counting	418993.00	131	4
293	Renata	Lincoln	1987-10-05	Director of Bean Counting	422222.00	131	4
311	Mark	Nicholson	2001-01-26	Director of Bean Counting	138963.00	131	4
372	Karly	Sowell	2009-04-19	Director of Bean Counting	393409.00	306	4
651	Brian	Hartwell	1975-06-13	Director of Bean Counting	398837.00	306	4
586	Renata	Hemsworth	1976-10-31	Director of Bean Counting	228417.00	433	4
132	Mary	Aldrin	1978-09-07	Director of Bean Counting	377591.00	28	1
40	Priscilla	Senna	1996-05-11	Director of Bean Counting	222477.00	35	1
55	Alvin	Waters	2021-10-30	Director of Bean Counting	374337.00	35	1
84	Ben	Doctor	1997-06-24	Director of Bean Counting	126156.00	35	1
86	Danielle	Hill	1977-07-17	Director of Bean Counting	32655.00	35	1
93	Juli	Hemsworth	1971-02-02	Director of Bean Counting	184086.00	35	1
39	Sarah	Abramson	2010-10-18	Director of Bean Counting	64424.00	38	1
72	Jared	Doctor	1986-08-03	Director of Bean Counting	363972.00	38	1
76	Isabella	Potter	2011-08-02	Director of Bean Counting	288716.00	38	1
100	Jordan	Mises	1999-01-19	Director of Bean Counting	206472.00	38	1
424	Travis	Fett	2000-07-30	Director of Bean Counting	112819.00	38	1
73	Lucy	Lance	2020-08-21	Director of Bean Counting	386080.00	45	1
166	Jillian	Bezos	1978-04-05	Director of Bean Counting	205202.00	45	1
327	Lehi	Doctor	1977-02-05	Director of Bean Counting	313305.00	45	1
619	Magdalena	Sowell	1989-12-14	Director of Bean Counting	375448.00	45	1
739	Renata	Hinckley	1989-06-27	Director of Bean Counting	190661.00	45	1
750	Abraham	Sowell	1990-02-16	Director of Bean Counting	64196.00	45	1
974	Mary	Cannon	1994-10-02	Director of Bean Counting	417149.00	45	1
352	Mickey	Young	1973-08-22	Director of Bean Counting	65226.00	201	1
875	Mark	Patrick	2004-07-28	Director of Bean Counting	358268.00	201	1
1002	Jordan	Ford	1996-03-22	Director of Bean Counting	333475.00	368	1
712	Moroni	Lance	2006-08-07	Director of Bean Counting	308909.00	698	1
788	Abraham	Cannon	2005-02-22	Director of Bean Counting	347834.00	673	1
133	Lea	Patrick	2018-09-18	Director of Bean Counting	85602.00	90	1
176	Kathryn	Rothbard	2015-06-27	Director of Bean Counting	230970.00	90	1
295	Jonah	Wilson	2000-12-21	Director of Bean Counting	167849.00	90	1
374	Juli	Hill	2009-04-21	Director of Bean Counting	415322.00	90	1
469	Juli	Johnson	1995-01-06	Director of Bean Counting	62715.00	90	1
748	Mark	Pack	2005-09-13	Director of Bean Counting	231974.00	90	1
844	Karly	Ford	1976-02-15	Director of Bean Counting	147877.00	92	1
150	Cecilia	Hill	1979-10-18	Director of Bean Counting	103717.00	110	1
213	Jonah	Sheeran	1972-05-23	Director of Bean Counting	65443.00	110	1
477	Lucy	Pine	1976-07-14	Director of Bean Counting	49006.00	110	1
349	Priscilla	Franklin	1975-03-01	Director of Bean Counting	53447.00	149	1
395	Karly	Smith	1986-02-06	Director of Bean Counting	32212.00	281	1
889	Jillian	Lance	2016-08-16	Director of Bean Counting	374772.00	582	1
83	Demi	Lance	1996-04-21	Director of Bean Counting	144983.00	20	2
209	Jared	Fett	2013-09-15	Director of Bean Counting	308497.00	20	2
323	Jimmy	Pack	2002-09-16	Director of Bean Counting	83293.00	20	2
880	Isabella	Hinckley	1995-11-13	Director of Bean Counting	260861.00	20	2
445	Brian	Johnson	1974-08-09	Director of Bean Counting	127979.00	23	2
32	Benjamin	Smith	2006-05-30	Director of Bean Counting	104521.00	26	2
251	Alexander	Doctor	1983-04-13	Director of Bean Counting	132834.00	26	2
283	Francis	Johnson	2002-08-01	Director of Bean Counting	269001.00	44	2
973	Sarah	Nicholson	2012-07-23	Director of Bean Counting	120344.00	44	2
822	Isabella	Hill	1974-09-30	Director of Bean Counting	337548.00	52	2
839	Han	Cruise	2018-10-05	Director of Bean Counting	58662.00	52	2
174	James	Sowell	1996-07-18	Director of Bean Counting	286498.00	54	2
356	Ashley	Schiff	1998-04-24	Director of Bean Counting	421549.00	54	2
542	Sally	Franklin	1970-02-21	Director of Bean Counting	133865.00	54	2
60	Alexander	Wilson	1970-09-11	Director of Bean Counting	382972.00	56	2
106	Lisa	Ford	1989-02-16	Director of Bean Counting	271493.00	56	2
285	Derek	Lance	2016-04-17	Director of Bean Counting	345035.00	56	2
125	Kathy	Hill	1993-12-08	Director of Bean Counting	41893.00	123	2
162	Alex	Hinckley	1983-03-21	Director of Bean Counting	358693.00	123	2
550	Isabella	Smith	2019-02-26	Director of Bean Counting	283196.00	369	2
526	Brian	Jamison	1987-06-04	Director of Bean Counting	199489.00	310	2
151	Jango	Pine	1995-10-23	Director of Bean Counting	143985.00	89	2
215	Jill	Nicholson	2020-07-31	Director of Bean Counting	275431.00	89	2
538	Liz	Schiff	2012-07-21	Director of Bean Counting	371954.00	89	2
242	Macy	Barton	2021-10-03	Director of Bean Counting	46626.00	238	2
470	Donald	Brown	1982-04-09	Director of Bean Counting	402971.00	238	2
484	Elizabeth	Tenney	2002-06-29	Director of Bean Counting	217617.00	238	2
489	Trent	Hemsworth	1980-10-06	Director of Bean Counting	31495.00	135	2
486	Jillian	Skykiller	2008-04-21	Director of Bean Counting	243483.00	344	2
483	Cody	Pine	2014-01-09	Director of Bean Counting	306888.00	419	2
447	Joseph	Doctor	1994-02-12	Director of Bean Counting	174993.00	425	2
473	Brandon	Sowell	1971-12-12	Director of Bean Counting	289512.00	425	2
577	Macy	Johnson	1984-02-13	Director of Bean Counting	392672.00	425	2
82	Demi	Patrick	1996-11-11	Director of Bean Counting	147944.00	53	2
88	Priscilla	Jamison	2020-02-06	Director of Bean Counting	140187.00	53	2
108	Ben	Doctor	2012-12-30	Director of Bean Counting	289981.00	53	2
230	Lea	Sheeran	1974-04-20	Director of Bean Counting	47835.00	53	2
571	Liz	Cameron	1986-03-02	Director of Bean Counting	112679.00	53	2
228	Mary	Jamison	2007-08-10	Director of Bean Counting	71006.00	68	2
243	Lucas	Rothbard	1986-02-28	Director of Bean Counting	181385.00	68	2
334	Alex	Rothbard	1987-07-15	Director of Bean Counting	40551.00	68	2
468	Joseph	Mises	1981-06-10	Director of Bean Counting	191314.00	68	2
115	Isabella	Doctor	1992-11-17	Director of Bean Counting	269085.00	79	2
338	Trent	Hill	1994-10-08	Director of Bean Counting	197125.00	79	2
247	Amidala	Sowell	2004-10-30	Director of Bean Counting	199901.00	206	2
270	Jonathan	Hill	2019-12-27	Director of Bean Counting	263437.00	206	2
415	Bobba	Fett	2008-08-05	Director of Bean Counting	403361.00	206	2
530	Ashley	Cruise	2002-09-13	Director of Bean Counting	359611.00	454	3
51	Alexander	Cruise	1970-05-15	Director of Bean Counting	241252.00	43	3
65	Renan	Sheeran	2015-07-18	Director of Bean Counting	358701.00	43	3
103	Danielle	Wilson	2018-07-14	Director of Bean Counting	160014.00	46	3
127	Priscilla	Armstrong	1982-02-14	Director of Bean Counting	269126.00	46	3
219	Renata	Franklin	2004-12-25	Director of Bean Counting	389839.00	46	3
330	Jill	Hemsworth	2009-02-13	Director of Bean Counting	301017.00	46	3
57	Igor	Abramson	1979-12-10	Director of Bean Counting	333565.00	21	3
71	Moroni	Bezos	1971-01-28	Director of Bean Counting	403641.00	21	3
128	Alexander	Lincoln	2013-05-22	Director of Bean Counting	396979.00	21	3
168	Danielle	Pine	2007-03-07	Director of Bean Counting	240658.00	21	3
101	Juli	Smith	1992-10-13	Director of Bean Counting	353623.00	27	3
627	Renan	Skykiller	1977-11-18	Director of Bean Counting	411302.00	27	3
459	Kathy	Lincoln	2005-07-09	Director of Bean Counting	192387.00	33	3
134	Sally	Waters	2001-07-04	Director of Bean Counting	76777.00	122	3
316	Juli	Fett	1976-05-30	Director of Bean Counting	339498.00	122	3
296	Kyle	Tenney	1992-11-22	Director of Bean Counting	421083.00	236	3
345	Abraham	Senna	1988-10-02	Director of Bean Counting	295853.00	236	3
421	Jill	Patrick	1992-07-27	Director of Bean Counting	262027.00	298	3
436	Amidala	Lance	1990-05-29	Director of Bean Counting	157362.00	298	3
574	Steve	Schiff	1971-01-11	Director of Bean Counting	41245.00	298	3
694	Cecilia	Rothbard	1985-07-30	Director of Bean Counting	340686.00	675	3
842	Donald	Hill	1982-08-04	Director of Bean Counting	124001.00	675	3
872	Liz	Evans	1991-01-01	Director of Bean Counting	92847.00	91	3
225	Abraham	Nicholson	1984-07-27	Director of Bean Counting	429902.00	136	3
273	Lucy	Young	2021-12-22	Director of Bean Counting	331223.00	136	3
208	Elizabeth	Schiff	2017-10-17	Director of Bean Counting	104489.00	198	3
841	Priscilla	Lance	1995-03-14	Director of Bean Counting	241499.00	198	3
969	Kathleen	Aldrin	2019-07-18	Director of Bean Counting	88468.00	198	3
444	Lucy	Hamilton	1985-08-28	Director of Bean Counting	182593.00	401	3
457	Andre	Waters	1993-10-26	Director of Bean Counting	210006.00	401	3
18	Peter	Hartwell	2014-08-23	Director of Bean Counting	370750.00	14	4
326	Kyle	Bezos	2006-07-20	Director of Bean Counting	104794.00	14	4
268	Danielle	Bezos	1995-02-20	Director of Bean Counting	143833.00	78	4
207	Kathleen	Lance	2003-01-07	Director of Bean Counting	178110.00	160	4
218	Harry	Abramson	2015-12-03	Director of Bean Counting	120333.00	160	4
343	Cody	Wilson	1989-05-30	Director of Bean Counting	120983.00	160	4
672	Isabella	Young	2015-01-31	Director of Bean Counting	281691.00	160	4
147	Alex	Young	2016-02-09	Director of Bean Counting	124647.00	124	4
265	James	Brown	1999-06-20	Director of Bean Counting	391345.00	124	4
702	Lisa	Smith	1973-10-28	Director of Bean Counting	236491.00	124	4
718	Juli	Abramson	1974-04-10	Director of Bean Counting	275288.00	124	4
796	Lisa	Nicholson	1987-09-04	Director of Bean Counting	364463.00	124	4
279	Lisa	Skykiller	1978-05-24	Director of Bean Counting	166331.00	217	4
514	Chris	Cannon	2014-04-16	Director of Bean Counting	258277.00	456	4
204	Kathryn	Franklin	1997-12-22	Director of Bean Counting	429006.00	143	4
319	Mary	Young	2015-03-04	Director of Bean Counting	167893.00	143	4
613	Lehi	Potter	1971-10-26	Director of Bean Counting	237355.00	143	4
859	Jill	Hartwell	1996-11-04	Director of Bean Counting	125298.00	143	4
537	Alex	Hamilton	1981-07-26	Director of Bean Counting	228626.00	180	4
159	Trent	Schiff	2019-10-29	Director of Bean Counting	377956.00	116	4
308	Steve	Hamilton	2006-06-18	Director of Bean Counting	58593.00	116	4
450	Isabella	Hamilton	2021-05-04	Director of Bean Counting	119813.00	116	4
460	Brandon	Franklin	2003-07-09	Director of Bean Counting	77878.00	118	4
448	Lea	Fett	1976-03-25	Director of Bean Counting	120788.00	307	4
621	Liz	Senna	1993-05-28	Director of Bean Counting	263128.00	307	4
391	Mary	Nicholson	2005-11-15	Director of Bean Counting	126029.00	229	4
165	Macy	Hemsworth	1993-05-23	Director of Bean Counting	245665.00	105	4
309	Mickey	Nicholson	2020-01-13	Director of Bean Counting	401228.00	105	4
455	Isabella	Hamilton	2004-03-21	Director of Bean Counting	298187.00	105	4
576	Travis	Cameron	1985-03-12	Director of Bean Counting	340073.00	105	4
663	Alexander	Fett	1980-06-12	Director of Bean Counting	377838.00	437	4
757	Alvin	Smith	2020-08-01	Director of Bean Counting	94712.00	437	4
414	Benjamin	Cruise	1986-03-01	Director of Bean Counting	147565.00	254	4
792	Mickey	Wunderlich	1973-09-08	Director of Bean Counting	221307.00	254	4
869	Isabella	Schiff	2020-05-25	Director of Bean Counting	381198.00	254	4
348	Han	Skykiller	2022-01-30	Director of Bean Counting	432256.00	288	4
934	Danielle	Tenney	2022-01-26	Director of Bean Counting	136628.00	845	4
993	Brandon	Hemsworth	2010-03-02	Director of Bean Counting	100006.00	845	4
157	Joseph	Tenney	1975-03-03	Director of Bean Counting	392634.00	119	4
708	Ashley	Senna	1986-01-29	Director of Bean Counting	90172.00	119	4
287	Priscilla	Abramson	1986-01-31	Director of Bean Counting	372105.00	129	4
789	Jimmy	Pine	1978-06-30	Director of Bean Counting	43275.00	129	4
222	Chris	Cannon	1994-02-24	Director of Bean Counting	307906.00	141	4
235	Lehi	Hill	1992-06-01	Director of Bean Counting	306701.00	141	4
775	Renata	Hemsworth	2016-06-18	Director of Bean Counting	388078.00	300	4
682	Lisa	Ford	1974-09-14	Director of Bean Counting	60596.00	314	4
715	Mickey	Schiff	1992-08-21	Director of Bean Counting	90320.00	202	4
359	Isabella	Jamison	2000-04-24	Director of Bean Counting	366951.00	293	4
990	Demi	Franklin	2016-05-18	Director of Bean Counting	182672.00	293	4
635	Peter	Hinckley	1974-09-23	Director of Bean Counting	147387.00	586	4
271	Kathryn	Waters	1973-04-04	Director of Bean Counting	420482.00	132	1
245	Juli	Aldrin	1976-12-12	Director of Bean Counting	399187.00	40	1
266	Ben	Lincoln	2022-05-19	Director of Bean Counting	284614.00	40	1
355	Igor	Franklin	2011-01-23	Director of Bean Counting	368272.00	40	1
383	Renata	Doctor	2004-05-15	Director of Bean Counting	208444.00	40	1
832	Kathy	Mises	1970-07-03	Director of Bean Counting	373641.00	40	1
69	Donald	Jamison	1999-03-26	Director of Bean Counting	276678.00	55	1
152	Mary	Senna	2003-10-22	Director of Bean Counting	274399.00	55	1
286	James	Young	1979-03-01	Director of Bean Counting	302634.00	55	1
891	Magdalena	Wunderlich	2009-10-12	Director of Bean Counting	187495.00	84	1
939	Erik	Smith	2017-08-30	Director of Bean Counting	219939.00	84	1
104	Mickey	Armstrong	2020-01-09	Director of Bean Counting	99111.00	86	1
304	Magdalena	Hemsworth	1976-10-30	Director of Bean Counting	320122.00	86	1
835	Karly	Wunderlich	2016-03-14	Director of Bean Counting	98519.00	86	1
892	Demi	Pine	2022-03-05	Director of Bean Counting	80216.00	86	1
325	Karly	Miller	1982-04-09	Director of Bean Counting	40551.00	93	1
493	Peter	Abramson	2007-11-01	Director of Bean Counting	112461.00	93	1
686	Lisa	Lance	1984-08-28	Director of Bean Counting	138228.00	93	1
912	Lisa	Lance	1995-01-25	Director of Bean Counting	105063.00	93	1
50	Rafael	Mises	1982-09-25	Director of Bean Counting	218767.00	39	1
94	Mary	Hartwell	1992-12-16	Director of Bean Counting	59872.00	39	1
113	Mark	Pine	1976-05-20	Director of Bean Counting	166112.00	39	1
153	Sarah	Johnson	2001-09-13	Director of Bean Counting	241882.00	39	1
524	Karly	Lincoln	2018-07-28	Director of Bean Counting	90524.00	39	1
77	Alex	Waters	2014-04-15	Director of Bean Counting	375455.00	72	1
126	Cody	Mises	1987-02-16	Director of Bean Counting	227268.00	72	1
664	Peter	Cannon	1981-07-27	Director of Bean Counting	248241.00	72	1
154	Renata	Sheeran	1973-11-07	Director of Bean Counting	275650.00	76	1
139	Renata	Cameron	2010-10-30	Director of Bean Counting	411010.00	100	1
407	Donald	Tenney	1987-09-10	Director of Bean Counting	68338.00	100	1
648	Amidala	Lance	1984-09-08	Director of Bean Counting	197038.00	73	1
693	Alvin	Evans	1997-03-03	Director of Bean Counting	341343.00	73	1
438	Priscilla	Pack	1977-12-09	Director of Bean Counting	194356.00	166	1
554	Erik	Schiff	2006-09-28	Director of Bean Counting	254496.00	166	1
606	Demi	Abramson	1992-06-09	Director of Bean Counting	62888.00	166	1
798	Kathy	Potter	2015-03-07	Director of Bean Counting	300780.00	166	1
578	Brian	Jamison	2002-12-22	Director of Bean Counting	245180.00	352	1
624	Cecilia	Nicholson	1991-10-01	Director of Bean Counting	224135.00	352	1
929	Cecilia	Evans	1997-08-04	Director of Bean Counting	268084.00	875	1
142	Lucas	Miller	2016-04-25	Director of Bean Counting	257432.00	133	1
163	Sally	Hemsworth	2002-01-31	Director of Bean Counting	361271.00	133	1
179	Jonathan	Bezos	2022-08-14	Director of Bean Counting	31343.00	133	1
240	Juli	Pine	1994-12-28	Director of Bean Counting	258571.00	133	1
261	Kathy	Jamison	2011-05-11	Director of Bean Counting	78403.00	176	1
181	Amidala	Aldrin	1985-12-13	Director of Bean Counting	316747.00	150	1
406	Rafael	Friedman	2005-02-25	Director of Bean Counting	273776.00	150	1
816	Ben	Ford	1986-08-13	Director of Bean Counting	156948.00	150	1
471	Jordan	Abramson	1983-04-30	Director of Bean Counting	260068.00	349	1
107	Mickey	Johnson	2008-02-05	Director of Bean Counting	170605.00	83	2
146	Renata	Sheeran	1982-11-29	Director of Bean Counting	177127.00	83	2
525	Igor	Waters	1993-09-09	Director of Bean Counting	176225.00	83	2
552	Liz	Young	1979-07-01	Director of Bean Counting	69919.00	209	2
669	Sally	Tenney	2010-08-08	Director of Bean Counting	332202.00	323	2
716	Demi	Bezos	1994-05-02	Director of Bean Counting	134428.00	445	2
34	Kathleen	Barton	2020-03-14	Director of Bean Counting	269046.00	32	2
74	Kathleen	Aldrin	1994-01-12	Director of Bean Counting	288684.00	32	2
186	Rafael	Hartwell	1983-04-21	Director of Bean Counting	113938.00	32	2
458	Andre	Smith	2002-06-10	Director of Bean Counting	171057.00	32	2
399	Cecilia	Skykiller	1974-07-10	Director of Bean Counting	391517.00	251	2
636	Kathryn	Hinckley	1973-01-07	Director of Bean Counting	231889.00	251	2
658	Chris	Hill	1987-09-23	Director of Bean Counting	225824.00	251	2
742	Elizabeth	Sowell	1981-05-13	Director of Bean Counting	338633.00	251	2
386	Jonathan	Evans	2005-09-27	Director of Bean Counting	313680.00	283	2
427	Elizabeth	Hamilton	2006-11-11	Director of Bean Counting	368967.00	283	2
197	Mark	Abramson	1998-09-19	Director of Bean Counting	259142.00	174	2
200	Kathleen	Hemsworth	1984-10-06	Director of Bean Counting	68093.00	174	2
241	Karly	Lance	1991-07-22	Director of Bean Counting	280084.00	174	2
533	Obi	Patrick	2005-10-11	Director of Bean Counting	101219.00	356	2
653	Ashley	Pack	1989-05-27	Director of Bean Counting	31976.00	542	2
102	Jango	Cameron	1985-01-07	Director of Bean Counting	171547.00	60	2
262	Macy	Hemsworth	1970-04-13	Director of Bean Counting	212159.00	60	2
671	Igor	Brown	2022-02-11	Director of Bean Counting	270303.00	60	2
916	Renan	Hill	1985-12-29	Director of Bean Counting	84044.00	60	2
413	Andre	Schiff	2009-01-01	Director of Bean Counting	289438.00	106	2
762	Brian	Young	2014-07-12	Director of Bean Counting	394003.00	106	2
231	John	Tenney	2010-02-18	Director of Bean Counting	348424.00	125	2
429	Travis	Hill	1996-08-28	Director of Bean Counting	81622.00	162	2
272	Danielle	Young	1982-09-24	Director of Bean Counting	138976.00	151	2
434	Sally	Hinckley	2016-12-26	Director of Bean Counting	279495.00	151	2
808	Kathryn	Cruise	1978-06-20	Director of Bean Counting	179237.00	151	2
405	Steve	Fett	1990-02-07	Director of Bean Counting	193691.00	215	2
650	Andre	Barton	2015-10-10	Director of Bean Counting	222538.00	215	2
350	Sally	Evans	1997-05-27	Director of Bean Counting	290566.00	242	2
771	Alexander	Senna	1990-01-12	Director of Bean Counting	381687.00	242	2
961	Macy	Johnson	2000-05-21	Director of Bean Counting	370855.00	470	2
692	Isabella	Jamison	1972-05-02	Director of Bean Counting	235201.00	484	2
988	John	Hartwell	1970-05-27	Director of Bean Counting	254025.00	486	2
609	Cecilia	Miller	2017-05-31	Director of Bean Counting	191272.00	483	2
920	Jillian	Fett	1983-01-12	Director of Bean Counting	72510.00	483	2
776	Juli	Brown	1972-05-27	Director of Bean Counting	306733.00	577	2
120	Mary	Armstrong	2006-09-26	Director of Bean Counting	386653.00	82	2
767	Kathryn	Ford	2019-02-10	Director of Bean Counting	317579.00	82	2
752	Liz	Nicholson	2010-03-30	Director of Bean Counting	375156.00	88	2
192	Luke	Tenney	1994-08-02	Director of Bean Counting	295513.00	108	2
337	Sarah	Wunderlich	2022-03-18	Director of Bean Counting	271709.00	108	2
478	Alvin	Wilson	2020-05-22	Director of Bean Counting	380003.00	228	2
510	Jimmy	Skykiller	1977-10-09	Director of Bean Counting	186411.00	228	2
784	Lea	Bezos	2003-11-02	Director of Bean Counting	169722.00	228	2
315	Lisa	Aldrin	1980-08-27	Director of Bean Counting	65245.00	243	2
735	Lucas	Aldrin	2015-05-23	Director of Bean Counting	131698.00	243	2
626	Cecilia	Lincoln	2010-02-05	Director of Bean Counting	163405.00	334	2
175	Kathleen	Potter	1978-11-21	Director of Bean Counting	227224.00	115	2
289	Cecilia	Sheeran	1997-09-03	Director of Bean Counting	346526.00	247	2
302	Francis	Tenney	1975-06-16	Director of Bean Counting	314644.00	247	2
558	Lisa	Sheeran	2021-12-02	Director of Bean Counting	249689.00	247	2
600	Mickey	Pine	2008-11-04	Director of Bean Counting	393464.00	247	2
935	Andre	Wilson	2000-08-06	Director of Bean Counting	51929.00	247	2
790	Karly	Evans	1975-05-17	Director of Bean Counting	96209.00	270	2
96	Kathleen	Nicholson	2010-11-20	Director of Bean Counting	35681.00	51	3
182	Han	Rothbard	1977-08-18	Director of Bean Counting	213650.00	51	3
264	Priscilla	Barton	1973-10-06	Director of Bean Counting	225833.00	51	3
515	Obi	Cruise	1972-06-16	Director of Bean Counting	228889.00	51	3
830	Renata	Waters	1998-07-27	Director of Bean Counting	157185.00	65	3
223	Jango	Jamison	2000-06-03	Director of Bean Counting	95315.00	103	3
252	Alex	Hinckley	1993-04-07	Director of Bean Counting	217299.00	103	3
958	Steve	Waters	1994-12-13	Director of Bean Counting	174750.00	103	3
303	Juli	Doctor	2007-04-21	Director of Bean Counting	223607.00	219	3
362	Ben	Jamison	2021-01-28	Director of Bean Counting	133301.00	219	3
491	Jordan	Pine	1996-12-08	Director of Bean Counting	378920.00	219	3
928	Mickey	Barton	1997-05-18	Director of Bean Counting	427918.00	219	3
347	Jordan	Mises	2017-10-19	Director of Bean Counting	216010.00	330	3
699	Jango	Waters	2003-08-18	Director of Bean Counting	135565.00	330	3
461	Obi	Senna	2016-02-21	Director of Bean Counting	432538.00	57	3
540	Mary	Johnson	2002-01-23	Director of Bean Counting	57059.00	57	3
732	Francis	Nicholson	1988-02-25	Director of Bean Counting	328882.00	57	3
81	Lea	Sowell	2006-09-03	Director of Bean Counting	186690.00	71	3
109	Kyle	Sowell	1985-07-18	Director of Bean Counting	288902.00	71	3
426	Juli	Hill	1997-02-16	Director of Bean Counting	240048.00	71	3
226	Andre	Armstrong	1976-06-27	Director of Bean Counting	63898.00	128	3
365	Kathryn	Friedman	1987-01-07	Director of Bean Counting	41793.00	128	3
536	Karly	Cameron	1974-03-28	Director of Bean Counting	361495.00	128	3
172	Ashley	Brown	1993-03-12	Director of Bean Counting	163198.00	168	3
496	Erik	Doctor	1992-04-23	Director of Bean Counting	416577.00	168	3
354	Demi	Hartwell	1982-04-29	Director of Bean Counting	31009.00	101	3
584	Sally	Jamison	1985-03-19	Director of Bean Counting	276123.00	101	3
781	Sally	Johnson	1989-04-22	Director of Bean Counting	263042.00	627	3
797	Han	Cruise	2007-12-21	Director of Bean Counting	294095.00	459	3
800	Jared	Sowell	1976-07-28	Director of Bean Counting	225958.00	459	3
190	Mark	Ford	1977-10-09	Director of Bean Counting	125920.00	134	3
373	Juli	Cannon	2010-07-21	Director of Bean Counting	294636.00	134	3
518	Cecilia	Franklin	1982-06-06	Director of Bean Counting	296324.00	134	3
668	Kathleen	Jamison	1980-12-28	Director of Bean Counting	157884.00	134	3
408	Lea	Smith	1995-03-08	Director of Bean Counting	393260.00	316	3
465	Derek	Cameron	2007-07-20	Director of Bean Counting	200947.00	316	3
611	Jared	Cannon	2013-06-01	Director of Bean Counting	230510.00	316	3
534	George	Sowell	1991-12-08	Director of Bean Counting	200962.00	296	3
551	Alex	Bezos	2014-02-02	Director of Bean Counting	354798.00	345	3
901	Kathy	Evans	2018-01-23	Director of Bean Counting	73671.00	345	3
917	Jill	Pine	1971-08-31	Director of Bean Counting	428044.00	345	3
691	Macy	Cameron	1980-05-03	Director of Bean Counting	395310.00	421	3
994	Brian	Franklin	2019-02-21	Director of Bean Counting	316621.00	436	3
704	Mary	Hinckley	2007-04-05	Director of Bean Counting	98594.00	694	3
375	Paul	Sheeran	1990-10-27	Director of Bean Counting	191686.00	225	3
418	Liz	Cannon	1993-07-19	Director of Bean Counting	432575.00	225	3
679	Liz	Smith	2022-06-26	Director of Bean Counting	47513.00	225	3
440	Kathleen	Senna	2001-02-05	Director of Bean Counting	275217.00	273	3
580	Peter	Senna	2012-10-18	Director of Bean Counting	271094.00	273	3
336	Chris	Young	2010-09-12	Director of Bean Counting	321734.00	208	3
485	Luke	Skykiller	2004-08-24	Director of Bean Counting	314452.00	208	3
532	Mark	Skykiller	1982-08-31	Director of Bean Counting	232121.00	457	3
882	Sally	Lincoln	1995-02-05	Director of Bean Counting	279841.00	457	3
976	Dan	Lance	1981-11-07	Director of Bean Counting	164449.00	457	3
70	Erik	Ford	1981-11-12	Director of Bean Counting	347192.00	18	4
169	Jimmy	Hamilton	2009-07-13	Director of Bean Counting	271922.00	18	4
874	Amidala	Nicholson	1991-11-08	Director of Bean Counting	269754.00	326	4
947	Jonah	Rothbard	1976-07-04	Director of Bean Counting	368934.00	326	4
649	Lea	Ford	2013-09-06	Director of Bean Counting	419108.00	268	4
878	Elizabeth	Ford	2011-03-31	Director of Bean Counting	417632.00	268	4
246	Derek	Hinckley	1999-02-27	Director of Bean Counting	335049.00	218	4
258	Peter	Sheeran	2018-11-30	Director of Bean Counting	126535.00	218	4
366	Alvin	Pine	1974-07-03	Director of Bean Counting	127334.00	218	4
749	Bobba	Hinckley	1972-11-23	Director of Bean Counting	401357.00	218	4
963	Jimmy	Cameron	1987-06-06	Director of Bean Counting	227896.00	218	4
575	Elizabeth	Hamilton	1992-04-20	Director of Bean Counting	391368.00	343	4
977	Trent	Tenney	2018-06-13	Director of Bean Counting	182391.00	343	4
736	Mark	Brown	2013-01-12	Director of Bean Counting	373252.00	672	4
773	Erik	Hinckley	1972-01-26	Director of Bean Counting	322534.00	672	4
248	Kyle	Hill	1981-03-14	Director of Bean Counting	68356.00	147	4
346	Lea	Nicholson	1985-10-13	Director of Bean Counting	76857.00	147	4
508	Elizabeth	Sowell	1994-10-06	Director of Bean Counting	213977.00	147	4
364	Renata	Cruise	2014-04-16	Director of Bean Counting	186804.00	265	4
709	Alex	Tenney	1986-11-20	Director of Bean Counting	299201.00	265	4
825	Peter	Smith	1988-05-16	Director of Bean Counting	324822.00	279	4
329	Alexander	Evans	2019-06-24	Director of Bean Counting	89995.00	204	4
501	Priscilla	Potter	2012-09-30	Director of Bean Counting	198045.00	204	4
569	Karly	Lance	2020-01-11	Director of Bean Counting	411515.00	204	4
430	Macy	Cameron	2004-07-26	Director of Bean Counting	76530.00	319	4
513	Amidala	Pack	2014-02-04	Director of Bean Counting	124429.00	319	4
724	Igor	Tenney	2007-03-31	Director of Bean Counting	165199.00	537	4
194	Alex	Hartwell	2012-07-30	Director of Bean Counting	360719.00	159	4
205	Alex	Wilson	2009-09-08	Director of Bean Counting	48396.00	159	4
502	Jimmy	Lance	1974-07-02	Director of Bean Counting	384441.00	159	4
723	Kathleen	Schiff	1984-09-08	Director of Bean Counting	228984.00	159	4
858	Isabella	Doctor	1970-02-12	Director of Bean Counting	107374.00	159	4
953	Steve	Abramson	1996-09-19	Director of Bean Counting	69447.00	159	4
585	Donald	Evans	2012-10-12	Director of Bean Counting	239655.00	308	4
794	Demi	Mises	1983-10-16	Director of Bean Counting	137214.00	308	4
940	Alex	Jamison	2013-09-19	Director of Bean Counting	67851.00	308	4
557	Renata	Nicholson	1986-10-19	Director of Bean Counting	422868.00	450	4
827	Renata	Patrick	1978-07-14	Director of Bean Counting	261085.00	450	4
906	Brian	Doctor	1995-11-17	Director of Bean Counting	127460.00	450	4
504	Ashley	Potter	1984-07-13	Director of Bean Counting	220763.00	460	4
548	Kathleen	Cruise	2011-07-05	Director of Bean Counting	154255.00	460	4
561	James	Schiff	2017-08-26	Director of Bean Counting	293795.00	460	4
910	Lisa	Smith	2003-03-12	Director of Bean Counting	403406.00	448	4
342	Sarah	Evans	2018-01-11	Director of Bean Counting	426685.00	309	4
893	Donald	Cannon	2020-08-23	Director of Bean Counting	265572.00	309	4
805	Jared	Brown	1985-05-19	Director of Bean Counting	417003.00	576	4
638	Jillian	Wilson	1991-10-08	Director of Bean Counting	250719.00	348	4
284	Lisa	Young	2007-12-24	Director of Bean Counting	133963.00	157	4
837	Danielle	Armstrong	2003-01-17	Director of Bean Counting	257092.00	287	4
876	Priscilla	Brown	2012-02-07	Director of Bean Counting	230236.00	287	4
979	Karly	Hartwell	1999-01-16	Director of Bean Counting	336919.00	789	4
224	Isabella	Sheeran	2007-10-25	Director of Bean Counting	270793.00	222	4
909	Danielle	Skykiller	2006-03-26	Director of Bean Counting	197472.00	222	4
802	Amidala	Lance	2004-12-16	Director of Bean Counting	33927.00	235	4
363	Lucy	Miller	2013-03-10	Director of Bean Counting	227344.00	271	1
377	Mickey	Evans	1970-10-19	Director of Bean Counting	430460.00	245	1
360	John	Lance	2011-02-22	Director of Bean Counting	418314.00	355	1
868	Kathryn	Abramson	1977-11-12	Director of Bean Counting	341004.00	355	1
390	Derek	Sowell	2007-12-18	Director of Bean Counting	125372.00	383	1
596	Magdalena	Skykiller	2008-12-28	Director of Bean Counting	41975.00	383	1
923	Jordan	Young	1970-07-22	Director of Bean Counting	193737.00	832	1
1004	Harry	Doctor	2017-05-07	Director of Bean Counting	165186.00	832	1
683	Lucy	Jamison	1980-10-13	Director of Bean Counting	307486.00	69	1
211	Sally	Cannon	1991-04-16	Director of Bean Counting	203633.00	152	1
393	Sally	Wunderlich	1998-12-15	Director of Bean Counting	82269.00	152	1
865	Ben	Aldrin	2008-08-19	Director of Bean Counting	239864.00	152	1
117	Lucy	Hemsworth	1974-12-28	Director of Bean Counting	328038.00	104	1
144	John	Evans	2000-11-01	Director of Bean Counting	152903.00	104	1
156	Isabella	Doctor	1996-08-16	Director of Bean Counting	315607.00	104	1
313	Lucas	Cruise	1996-01-20	Director of Bean Counting	298796.00	104	1
480	Juli	Pack	2020-09-27	Director of Bean Counting	156302.00	104	1
674	Sarah	Abramson	1982-11-13	Director of Bean Counting	220661.00	104	1
339	Igor	Miller	2007-08-18	Director of Bean Counting	318203.00	304	1
358	Sally	Nicholson	2019-08-26	Director of Bean Counting	202535.00	304	1
409	Isabella	Hill	1971-09-18	Director of Bean Counting	137440.00	325	1
543	Sally	Mises	2013-07-18	Director of Bean Counting	357017.00	325	1
787	Sally	Abramson	2002-04-10	Director of Bean Counting	273113.00	493	1
64	George	Jamison	1996-06-10	Director of Bean Counting	358138.00	50	1
145	Mark	Jamison	2015-05-14	Director of Bean Counting	59580.00	50	1
378	Lea	Mises	1995-08-03	Director of Bean Counting	402402.00	50	1
497	Alvin	Young	1977-01-08	Director of Bean Counting	274510.00	50	1
807	Isabella	Mises	1996-03-12	Director of Bean Counting	393201.00	50	1
140	Alvin	Aldrin	2008-10-05	Director of Bean Counting	64807.00	113	1
341	Sally	Friedman	2017-02-07	Director of Bean Counting	127773.00	153	1
853	Mary	Jamison	2005-02-18	Director of Bean Counting	430613.00	153	1
615	Liz	Sheeran	1976-11-21	Director of Bean Counting	324405.00	524	1
189	Lehi	Franklin	1995-01-11	Director of Bean Counting	231671.00	77	1
195	Kyle	Young	2003-05-26	Director of Bean Counting	70807.00	77	1
464	Amidala	Armstrong	1994-08-19	Director of Bean Counting	70549.00	77	1
495	Jillian	Friedman	2012-06-04	Director of Bean Counting	330316.00	126	1
824	Abraham	Lincoln	1975-01-30	Director of Bean Counting	420324.00	664	1
237	Abraham	Pack	1989-02-18	Director of Bean Counting	120304.00	154	1
511	Cecilia	Pack	1976-09-10	Director of Bean Counting	69773.00	154	1
396	Alexander	Cameron	1972-07-05	Director of Bean Counting	264857.00	139	1
753	Harry	Friedman	2008-08-13	Director of Bean Counting	223520.00	139	1
639	Elizabeth	Potter	2005-12-30	Director of Bean Counting	111250.00	407	1
962	Cody	Smith	2013-09-06	Director of Bean Counting	185226.00	407	1
760	Lisa	Skykiller	2018-11-06	Director of Bean Counting	302616.00	648	1
809	Bobba	Miller	1972-12-16	Director of Bean Counting	211324.00	438	1
943	Jonah	Pack	1995-07-26	Director of Bean Counting	344987.00	606	1
975	Dan	Fett	2002-07-21	Director of Bean Counting	250597.00	798	1
589	Moroni	Wunderlich	1976-02-26	Director of Bean Counting	151225.00	578	1
772	Chris	Johnson	2021-06-01	Director of Bean Counting	130262.00	578	1
221	Jango	Lance	2021-03-27	Director of Bean Counting	205369.00	142	1
227	Bobba	Hemsworth	1984-06-24	Director of Bean Counting	304533.00	142	1
263	Derek	Brown	2017-01-19	Director of Bean Counting	124703.00	142	1
631	Francis	Young	1985-05-28	Director of Bean Counting	306432.00	142	1
397	Kyle	Hamilton	2009-08-14	Director of Bean Counting	212789.00	163	1
503	Liz	Schiff	2003-10-12	Director of Bean Counting	299794.00	163	1
259	Alex	Abramson	1982-11-27	Director of Bean Counting	272421.00	179	1
612	Karly	Bezos	1977-06-19	Director of Bean Counting	378236.00	179	1
793	Alex	Johnson	2022-05-26	Director of Bean Counting	194860.00	179	1
278	Danielle	Ford	1977-10-30	Director of Bean Counting	377485.00	240	1
188	Rafael	Potter	2019-03-29	Director of Bean Counting	368899.00	181	1
257	Renata	Abramson	1978-12-04	Director of Bean Counting	433073.00	181	1
867	Jillian	Lance	1970-05-21	Director of Bean Counting	254030.00	181	1
148	Alexander	Miller	2011-02-02	Director of Bean Counting	212086.00	107	2
463	Paul	Hinckley	2006-08-10	Director of Bean Counting	359067.00	107	2
161	Steve	Cameron	1971-10-24	Director of Bean Counting	126710.00	146	2
178	Isabella	Pine	2018-12-28	Director of Bean Counting	283714.00	146	2
367	Magdalena	Fett	1984-10-31	Director of Bean Counting	312163.00	146	2
410	Sally	Wunderlich	1988-09-01	Director of Bean Counting	294639.00	146	2
634	Lisa	Lance	1989-11-07	Director of Bean Counting	406571.00	146	2
553	Jillian	Franklin	1991-11-24	Director of Bean Counting	165754.00	552	2
924	Renata	Sheeran	2017-05-25	Director of Bean Counting	310668.00	552	2
849	Donald	Wilson	1976-08-27	Director of Bean Counting	141989.00	716	2
130	Jango	Patrick	1978-06-07	Director of Bean Counting	290680.00	34	2
137	Cody	Brown	1990-03-04	Director of Bean Counting	292517.00	34	2
475	Magdalena	Miller	2018-03-28	Director of Bean Counting	218856.00	34	2
605	Jared	Fett	1982-11-10	Director of Bean Counting	78279.00	34	2
826	Jillian	Rothbard	2013-10-16	Director of Bean Counting	189059.00	34	2
170	Macy	Doctor	2014-05-01	Director of Bean Counting	194186.00	74	2
357	Dan	Hemsworth	2018-11-29	Director of Bean Counting	57258.00	74	2
721	George	Brown	2019-04-19	Director of Bean Counting	34785.00	74	2
607	Alex	Brown	2014-05-05	Director of Bean Counting	227641.00	186	2
1006	Luke	Bezos	1989-02-13	Director of Bean Counting	353961.00	186	2
754	Demi	Abramson	1996-06-28	Director of Bean Counting	310955.00	458	2
656	Lucas	Young	2005-10-04	Director of Bean Counting	232987.00	399	2
812	Mickey	Lance	2014-05-04	Director of Bean Counting	412796.00	658	2
545	Alex	Tenney	1971-07-30	Director of Bean Counting	153309.00	386	2
728	Renan	Skykiller	1999-11-24	Director of Bean Counting	358242.00	386	2
957	Liz	Wilson	1988-08-04	Director of Bean Counting	156239.00	386	2
560	Alexander	Sheeran	1999-10-07	Director of Bean Counting	121534.00	197	2
244	James	Johnson	2005-05-28	Director of Bean Counting	207209.00	200	2
417	Kathy	Senna	1994-04-28	Director of Bean Counting	383849.00	241	2
1000	Peter	Sowell	1970-01-17	Director of Bean Counting	345443.00	533	2
494	Obi	Pack	1996-10-06	Director of Bean Counting	391141.00	102	2
392	Moroni	Senna	2022-07-07	Director of Bean Counting	225949.00	262	2
751	Peter	Cameron	1988-10-10	Director of Bean Counting	425655.00	671	2
847	Benjamin	Evans	1972-06-08	Director of Bean Counting	404667.00	413	2
857	Alex	Hemsworth	1995-06-02	Director of Bean Counting	149498.00	413	2
829	Isabella	Abramson	2005-05-08	Director of Bean Counting	141051.00	434	2
873	Ashley	Tenney	2006-10-21	Director of Bean Counting	159513.00	434	2
949	Lucas	Hamilton	1989-08-27	Director of Bean Counting	35605.00	808	2
688	Abraham	Hartwell	2007-03-22	Director of Bean Counting	275726.00	650	2
741	Donald	Lance	1990-03-09	Director of Bean Counting	273700.00	609	2
978	Joseph	Johnson	2006-07-05	Director of Bean Counting	174030.00	752	2
232	Kathryn	Lincoln	1987-11-24	Director of Bean Counting	406727.00	192	2
400	Kathleen	Doctor	2004-07-30	Director of Bean Counting	340118.00	192	2
697	Amidala	Barton	1999-11-08	Director of Bean Counting	355799.00	478	2
731	Renata	Ford	1992-09-23	Director of Bean Counting	279428.00	510	2
863	Alex	Pack	2009-01-17	Director of Bean Counting	360708.00	510	2
1005	Demi	Hamilton	1998-07-31	Director of Bean Counting	278006.00	784	2
982	Alex	Johnson	2019-05-05	Director of Bean Counting	135722.00	626	2
566	Bobba	Evans	2012-07-16	Director of Bean Counting	41982.00	175	2
616	Cecilia	Barton	1993-08-18	Director of Bean Counting	164282.00	289	2
602	Kathryn	Brown	2005-07-31	Director of Bean Counting	408815.00	302	2
253	Jared	Waters	1974-07-24	Director of Bean Counting	70462.00	96	3
512	Mickey	Doctor	1998-05-23	Director of Bean Counting	424951.00	96	3
187	Trent	Fett	2001-11-20	Director of Bean Counting	94504.00	182	3
234	Isabella	Cannon	1998-05-02	Director of Bean Counting	229626.00	182	3
276	Kathy	Patrick	2015-01-03	Director of Bean Counting	233317.00	182	3
376	Travis	Smith	2017-10-11	Director of Bean Counting	82103.00	182	3
556	Francis	Jamison	1994-07-17	Director of Bean Counting	393658.00	264	3
531	Demi	Pack	1994-01-13	Director of Bean Counting	263465.00	515	3
481	Renata	Abramson	1980-08-20	Director of Bean Counting	182184.00	223	3
439	Moroni	Young	1990-02-17	Director of Bean Counting	76159.00	252	3
765	Demi	Young	2003-03-05	Director of Bean Counting	137777.00	303	3
836	Mickey	Sheeran	2009-08-25	Director of Bean Counting	136936.00	461	3
706	Rafael	Doctor	1997-09-10	Director of Bean Counting	210480.00	540	3
818	Sarah	Potter	1982-09-06	Director of Bean Counting	37066.00	540	3
111	Jillian	Young	1980-06-12	Director of Bean Counting	107523.00	81	3
402	Juli	Sowell	1992-09-15	Director of Bean Counting	133114.00	81	3
717	Cecilia	Johnson	2012-11-12	Director of Bean Counting	375611.00	81	3
171	Lucas	Barton	1970-01-06	Director of Bean Counting	411735.00	109	3
333	Mickey	Barton	2009-07-23	Director of Bean Counting	433070.00	109	3
528	Francis	Smith	1971-01-06	Director of Bean Counting	305638.00	226	3
755	Jonah	Lincoln	1978-06-10	Director of Bean Counting	60717.00	226	3
966	Magdalena	Abramson	1972-02-18	Director of Bean Counting	317876.00	365	3
856	Isabella	Schiff	2012-12-23	Director of Bean Counting	391412.00	354	3
814	Elizabeth	Pine	1989-07-21	Director of Bean Counting	169953.00	797	3
941	Cecilia	Ford	2011-08-13	Director of Bean Counting	268747.00	800	3
628	Kathy	Hill	2015-09-11	Director of Bean Counting	170301.00	190	3
821	Lisa	Ford	2001-11-03	Director of Bean Counting	270210.00	190	3
925	Derek	Waters	2005-06-17	Director of Bean Counting	121761.00	190	3
432	Rafael	Friedman	2006-06-28	Director of Bean Counting	300388.00	373	3
527	Amidala	Fett	2003-07-21	Director of Bean Counting	416429.00	408	3
588	Rafael	Cameron	2022-02-07	Director of Bean Counting	400378.00	408	3
886	Derek	Wilson	2008-01-19	Director of Bean Counting	172376.00	408	3
666	Steve	Pine	2004-06-10	Director of Bean Counting	424926.00	534	3
894	Jango	Abramson	2010-09-26	Director of Bean Counting	349760.00	534	3
572	Peter	Lance	1999-12-17	Director of Bean Counting	139122.00	375	3
758	James	Cameron	1979-08-31	Director of Bean Counting	114195.00	375	3
394	Lucas	Wunderlich	2019-12-01	Director of Bean Counting	305971.00	336	3
667	Steve	Sowell	1994-01-05	Director of Bean Counting	105643.00	532	3
112	Lucy	Evans	2002-12-28	Director of Bean Counting	153520.00	70	4
420	Alvin	Tenney	2008-06-15	Director of Bean Counting	258862.00	70	4
583	Alexander	Nicholson	2007-08-21	Director of Bean Counting	355246.00	70	4
317	Lucy	Abramson	2008-10-08	Director of Bean Counting	325093.00	169	4
322	Joseph	Rothbard	2006-05-02	Director of Bean Counting	208968.00	169	4
645	Ashley	Rothbard	2013-10-13	Director of Bean Counting	150398.00	169	4
890	Obi	Wilson	1976-11-26	Director of Bean Counting	47835.00	169	4
950	Amidala	Abramson	2001-01-28	Director of Bean Counting	273686.00	874	4
766	Rafael	Hamilton	1972-05-27	Director of Bean Counting	65698.00	649	4
591	Derek	Armstrong	1982-02-06	Director of Bean Counting	293456.00	258	4
866	Alvin	Potter	2008-10-31	Director of Bean Counting	352177.00	248	4
384	Jimmy	Young	2005-09-19	Director of Bean Counting	60694.00	346	4
604	Isabella	Young	2013-08-18	Director of Bean Counting	342858.00	346	4
779	Lisa	Armstrong	1989-12-17	Director of Bean Counting	324456.00	569	4
908	Lucy	Jamison	1981-07-02	Director of Bean Counting	199045.00	569	4
453	Amidala	Brown	2011-02-08	Director of Bean Counting	303190.00	430	4
547	Steve	Hinckley	2008-04-17	Director of Bean Counting	378977.00	430	4
565	Obi	Schiff	2013-10-27	Director of Bean Counting	332136.00	430	4
623	Sarah	Sheeran	2010-09-21	Director of Bean Counting	424389.00	430	4
783	Donald	Franklin	1985-04-16	Director of Bean Counting	261634.00	430	4
804	Mary	Wunderlich	2003-05-12	Director of Bean Counting	231965.00	430	4
897	Magdalena	Jamison	1992-06-25	Director of Bean Counting	409205.00	724	4
852	Demi	Brown	2011-12-31	Director of Bean Counting	113311.00	502	4
955	John	Evans	1999-01-20	Director of Bean Counting	203418.00	953	4
746	Moroni	Wunderlich	1995-10-20	Director of Bean Counting	88339.00	557	4
520	Luke	Brown	1992-06-19	Director of Bean Counting	237934.00	504	4
451	Han	Lincoln	2017-03-20	Director of Bean Counting	212973.00	342	4
505	Jillian	Johnson	2005-11-12	Director of Bean Counting	296001.00	342	4
944	Mary	Hill	1999-12-14	Director of Bean Counting	165672.00	638	4
411	Jimmy	Armstrong	1999-08-10	Director of Bean Counting	281325.00	284	4
539	Ashley	Potter	2017-05-05	Director of Bean Counting	86091.00	284	4
936	Ashley	Waters	1974-11-11	Director of Bean Counting	141285.00	284	4
637	Sarah	Hinckley	1990-05-24	Director of Bean Counting	368863.00	360	1
696	Liz	Doctor	2004-05-22	Director of Bean Counting	158273.00	596	1
256	Liz	Cannon	2011-11-20	Director of Bean Counting	52385.00	211	1
599	Isabella	Franklin	1989-04-23	Director of Bean Counting	188403.00	393	1
185	Kathy	Bezos	1993-03-02	Director of Bean Counting	398993.00	117	1
487	Amidala	Wilson	2020-10-26	Director of Bean Counting	248818.00	117	1
184	Cecilia	Miller	2014-12-14	Director of Bean Counting	399136.00	156	1
328	Karly	Hartwell	2008-12-28	Director of Bean Counting	276906.00	156	1
618	Renan	Bezos	2014-10-28	Director of Bean Counting	259311.00	156	1
900	Travis	Nicholson	1973-03-20	Director of Bean Counting	327661.00	480	1
902	Liz	Smith	2019-03-30	Director of Bean Counting	63630.00	339	1
601	Demi	Miller	1980-10-24	Director of Bean Counting	83414.00	358	1
641	Sally	Rothbard	2002-04-28	Director of Bean Counting	266822.00	409	1
80	Kyle	Lincoln	1973-08-21	Director of Bean Counting	129746.00	64	1
177	Jimmy	Wilson	1982-05-09	Director of Bean Counting	246268.00	64	1
381	Erik	Barton	1985-05-19	Director of Bean Counting	52447.00	64	1
351	Chris	Hill	2016-05-26	Director of Bean Counting	256637.00	145	1
646	Trent	Tenney	2014-09-05	Director of Bean Counting	301948.00	145	1
740	Moroni	Cannon	2011-06-23	Director of Bean Counting	307032.00	378	1
523	Cody	Hinckley	2011-01-22	Director of Bean Counting	322625.00	140	1
474	Kyle	Ford	1977-12-12	Director of Bean Counting	108866.00	341	1
970	Lisa	Aldrin	1983-10-02	Director of Bean Counting	397870.00	341	1
482	Magdalena	Schiff	2019-01-27	Director of Bean Counting	147709.00	189	1
292	Francis	Potter	1979-03-18	Director of Bean Counting	287849.00	195	1
382	Harry	Nicholson	1997-05-17	Director of Bean Counting	211718.00	195	1
846	Liz	Hemsworth	2005-03-27	Director of Bean Counting	47205.00	495	1
389	Jill	Senna	1998-10-18	Director of Bean Counting	177140.00	237	1
965	Amidala	Aldrin	1993-07-30	Director of Bean Counting	269672.00	237	1
592	Macy	Wilson	1975-03-10	Director of Bean Counting	405424.00	511	1
398	Paul	Mises	1985-11-06	Director of Bean Counting	365573.00	396	1
840	Juli	Aldrin	2010-06-21	Director of Bean Counting	144675.00	396	1
983	Donald	Potter	1972-11-08	Director of Bean Counting	285813.00	396	1
614	Liz	Barton	1970-04-29	Director of Bean Counting	245526.00	227	1
986	Demi	Aldrin	2012-03-15	Director of Bean Counting	387658.00	227	1
299	Sarah	Hemsworth	1989-12-22	Director of Bean Counting	381465.00	263	1
759	Paul	Lance	1975-03-11	Director of Bean Counting	423169.00	263	1
881	Demi	Sowell	2010-12-22	Director of Bean Counting	97427.00	263	1
567	Lucas	Brown	2015-05-17	Director of Bean Counting	71743.00	397	1
1001	Alexander	Nicholson	1994-03-29	Director of Bean Counting	43763.00	397	1
269	Alex	Sowell	1988-08-12	Director of Bean Counting	144639.00	259	1
443	Alex	Senna	1996-12-05	Director of Bean Counting	339737.00	259	1
918	Han	Bezos	1977-03-11	Director of Bean Counting	236769.00	793	1
305	Paul	Hill	1985-11-07	Director of Bean Counting	159644.00	278	1
670	Priscilla	Jamison	1979-09-09	Director of Bean Counting	380271.00	188	1
587	Karly	Johnson	1988-07-22	Director of Bean Counting	410256.00	463	2
831	Cody	Nicholson	1983-12-12	Director of Bean Counting	406589.00	161	2
879	Renan	Franklin	2010-01-12	Director of Bean Counting	243025.00	161	2
573	Karly	Sheeran	2008-02-09	Director of Bean Counting	109496.00	178	2
546	Alvin	Cameron	2010-04-04	Director of Bean Counting	344255.00	367	2
991	Karly	Hinckley	2000-03-30	Director of Bean Counting	306161.00	367	2
661	Alexander	Waters	2010-03-03	Director of Bean Counting	428041.00	410	2
713	Amidala	Jamison	2001-07-10	Director of Bean Counting	217925.00	410	2
813	Jimmy	Cameron	2010-10-05	Director of Bean Counting	392966.00	410	2
769	Lisa	Waters	1999-05-14	Director of Bean Counting	231065.00	553	2
921	Demi	Bezos	2009-10-27	Director of Bean Counting	400085.00	849	2
164	Mark	Pack	2020-12-22	Director of Bean Counting	429262.00	137	2
320	Mary	Cruise	2000-05-12	Director of Bean Counting	139484.00	137	2
695	Cecilia	Wunderlich	1986-12-22	Director of Bean Counting	232396.00	137	2
677	Luke	Hinckley	2014-03-25	Director of Bean Counting	167893.00	475	2
945	Macy	Young	1978-05-21	Director of Bean Counting	370311.00	475	2
183	Alexander	Tenney	1998-07-03	Director of Bean Counting	257130.00	170	2
659	George	Waters	2009-04-01	Director of Bean Counting	239170.00	607	2
676	Renata	Pack	2008-12-28	Director of Bean Counting	391185.00	656	2
895	Renan	Cruise	1997-10-09	Director of Bean Counting	411353.00	656	2
968	Jonathan	Barton	2021-05-05	Director of Bean Counting	176658.00	812	2
937	Paul	Patrick	1993-09-26	Director of Bean Counting	296089.00	728	2
803	Amidala	Wilson	1972-03-11	Director of Bean Counting	343019.00	494	2
488	Bobba	Rothbard	1980-06-15	Director of Bean Counting	349223.00	392	2
403	Karly	Cruise	2018-08-22	Director of Bean Counting	170574.00	232	2
625	Jillian	Pack	2018-10-01	Director of Bean Counting	243345.00	400	2
763	Paul	Miller	1989-02-25	Director of Bean Counting	367133.00	400	2
1007	Brandon	Lincoln	1975-12-20	Director of Bean Counting	45166.00	982	2
828	Joseph	Hartwell	2011-05-18	Director of Bean Counting	72228.00	566	2
412	Karly	Cannon	1988-08-18	Director of Bean Counting	422877.00	253	3
499	Moroni	Tenney	1986-10-08	Director of Bean Counting	340771.00	253	3
559	James	Waters	1990-08-24	Director of Bean Counting	154143.00	253	3
922	Trent	Pine	2016-05-02	Director of Bean Counting	204421.00	253	3
579	Renata	Armstrong	1990-04-01	Director of Bean Counting	38771.00	512	3
203	Sally	Rothbard	1987-04-20	Director of Bean Counting	50179.00	187	3
321	Jimmy	Hill	2020-11-17	Director of Bean Counting	91143.00	187	3
595	Jill	Smith	1976-11-17	Director of Bean Counting	112031.00	276	3
620	Juli	Cameron	1994-08-02	Director of Bean Counting	370367.00	376	3
761	Erik	Ford	1997-11-25	Director of Bean Counting	274281.00	556	3
738	Amidala	Franklin	1983-04-19	Director of Bean Counting	33228.00	531	3
833	Liz	Cannon	2014-10-26	Director of Bean Counting	403094.00	531	3
884	Macy	Wilson	1984-04-27	Director of Bean Counting	328385.00	439	3
196	Lucy	Miller	2000-02-18	Director of Bean Counting	84498.00	111	3
318	Dan	Pine	1981-09-03	Director of Bean Counting	396165.00	111	3
340	Karly	Skykiller	2001-03-23	Director of Bean Counting	177220.00	111	3
770	Demi	Friedman	2019-12-10	Director of Bean Counting	293569.00	402	3
597	Jill	Pine	1982-02-28	Director of Bean Counting	300536.00	171	3
517	Lisa	Mises	1972-12-11	Director of Bean Counting	170280.00	333	3
705	Kathy	Patrick	2010-01-07	Director of Bean Counting	316559.00	528	3
864	Cody	Senna	2010-04-13	Director of Bean Counting	61598.00	856	3
931	Demi	Patrick	1984-02-02	Director of Bean Counting	286399.00	814	3
690	Kathryn	Cruise	1997-04-30	Director of Bean Counting	274337.00	628	3
888	Priscilla	Tenney	1991-11-04	Director of Bean Counting	344744.00	628	3
441	Lucas	Bezos	2019-12-10	Director of Bean Counting	381113.00	432	3
927	Jill	Schiff	2009-08-25	Director of Bean Counting	66772.00	588	3
633	Andre	Potter	2005-02-18	Director of Bean Counting	326438.00	572	3
791	Luke	Lincoln	2013-08-15	Director of Bean Counting	343751.00	758	3
678	Renata	Friedman	2011-10-27	Director of Bean Counting	429932.00	112	4
387	Kathryn	Pack	2006-05-19	Director of Bean Counting	310505.00	317	4
851	Mary	Brown	2006-10-09	Director of Bean Counting	293207.00	766	4
954	Cody	Hill	1974-04-05	Director of Bean Counting	107804.00	453	4
999	Isabella	Lincoln	1973-02-20	Director of Bean Counting	185478.00	547	4
995	Sarah	Tenney	2012-11-16	Director of Bean Counting	137518.00	783	4
980	Rafael	Sowell	2006-05-12	Director of Bean Counting	106758.00	852	4
780	Kathleen	Patrick	1988-09-29	Director of Bean Counting	409272.00	451	4
989	Liz	Skykiller	2014-09-25	Director of Bean Counting	125093.00	451	4
930	Derek	Young	2015-10-08	Director of Bean Counting	418425.00	539	4
643	Renan	Wilson	1987-08-14	Director of Bean Counting	34074.00	637	1
861	Renan	Patrick	1985-09-29	Director of Bean Counting	86204.00	637	1
361	Karly	Johnson	1983-09-23	Director of Bean Counting	192070.00	256	1
507	Sarah	Sheeran	1975-07-03	Director of Bean Counting	70337.00	256	1
919	Mary	Sheeran	1998-08-02	Director of Bean Counting	315950.00	256	1
490	James	Armstrong	2019-03-31	Director of Bean Counting	40147.00	185	1
581	Rafael	Evans	1972-05-10	Director of Bean Counting	164150.00	487	1
590	Brandon	Mises	1987-04-06	Director of Bean Counting	127902.00	487	1
233	Elizabeth	Senna	2019-07-23	Director of Bean Counting	188345.00	184	1
250	Renan	Cannon	1980-12-22	Director of Bean Counting	168350.00	184	1
97	Abraham	Schiff	2004-09-07	Director of Bean Counting	265411.00	80	1
114	Isabella	Mises	1988-09-22	Director of Bean Counting	237591.00	80	1
275	Kathryn	Brown	1972-09-05	Director of Bean Counting	407949.00	177	1
297	Bobba	Waters	1978-02-11	Director of Bean Counting	42103.00	177	1
449	Bobba	Barton	2017-12-15	Director of Bean Counting	202719.00	177	1
379	Erik	Waters	2012-08-19	Director of Bean Counting	321950.00	351	1
521	Travis	Brown	2000-11-25	Director of Bean Counting	94572.00	351	1
535	Luke	Brown	2016-01-28	Director of Bean Counting	140479.00	523	1
981	Jonah	Sheeran	2019-07-27	Director of Bean Counting	51821.00	482	1
435	Macy	Fett	2016-05-09	Director of Bean Counting	167478.00	292	1
904	Lisa	Sheeran	1989-08-14	Director of Bean Counting	158009.00	292	1
404	Kathleen	Cameron	1971-05-28	Director of Bean Counting	347892.00	389	1
467	Donald	Young	1998-08-02	Director of Bean Counting	174232.00	398	1
555	Liz	Cruise	1984-01-23	Director of Bean Counting	422512.00	398	1
905	Steve	Miller	1988-12-21	Director of Bean Counting	314010.00	614	1
647	Sarah	Skykiller	1990-02-05	Director of Bean Counting	403673.00	567	1
710	Jango	Skykiller	2011-07-15	Director of Bean Counting	181220.00	567	1
442	Chris	Fett	1998-02-13	Director of Bean Counting	232261.00	269	1
685	George	Fett	1991-10-06	Director of Bean Counting	177940.00	269	1
711	Dan	Hamilton	1992-03-30	Director of Bean Counting	319552.00	269	1
862	Han	Patrick	1994-01-31	Director of Bean Counting	141992.00	443	1
610	Demi	Brown	1977-03-31	Director of Bean Counting	166311.00	573	2
729	Kathy	Miller	1984-11-17	Director of Bean Counting	222632.00	573	2
594	Obi	Young	2000-02-09	Director of Bean Counting	92811.00	546	2
996	Steve	Doctor	2021-09-21	Director of Bean Counting	321710.00	661	2
727	Renata	Skykiller	2005-11-13	Director of Bean Counting	40231.00	713	2
331	Lucy	Aldrin	2005-05-06	Director of Bean Counting	241814.00	164	2
371	Renata	Waters	1990-02-27	Director of Bean Counting	104611.00	164	2
730	John	Johnson	2018-01-10	Director of Bean Counting	85390.00	164	2
933	Obi	Tenney	1977-07-09	Director of Bean Counting	334356.00	164	2
479	George	Hartwell	2017-09-19	Director of Bean Counting	173322.00	320	2
422	Lucas	Young	1987-11-18	Director of Bean Counting	145574.00	183	2
719	Lea	Mises	2018-05-21	Director of Bean Counting	210420.00	659	2
720	Elizabeth	Tenney	2017-01-01	Director of Bean Counting	101897.00	659	2
971	Renata	Cruise	1983-09-03	Director of Bean Counting	275079.00	803	2
500	Amidala	Bezos	2004-09-08	Director of Bean Counting	342507.00	488	2
795	Mary	Sowell	2009-10-16	Director of Bean Counting	409666.00	763	2
997	Sally	Hamilton	2019-12-26	Director of Bean Counting	217761.00	828	2
952	Liz	Miller	2004-02-11	Director of Bean Counting	101647.00	412	3
687	Brandon	Abramson	2000-02-18	Director of Bean Counting	267516.00	559	3
657	Moroni	Franklin	1973-10-18	Director of Bean Counting	378236.00	579	3
662	Igor	Ford	1975-11-02	Director of Bean Counting	280371.00	579	3
806	Peter	Sheeran	1992-01-27	Director of Bean Counting	63838.00	203	3
834	Renata	Wilson	1973-07-06	Director of Bean Counting	255146.00	203	3
786	Kyle	Wilson	2012-01-01	Director of Bean Counting	198882.00	595	3
764	Lucy	Miller	2015-05-04	Director of Bean Counting	178692.00	620	3
956	Alexander	Sheeran	2021-12-03	Director of Bean Counting	300605.00	620	3
932	John	Johnson	2015-06-06	Director of Bean Counting	43849.00	761	3
1008	George	Hemsworth	2012-07-31	Director of Bean Counting	345906.00	738	3
277	Moroni	Schiff	1994-02-15	Director of Bean Counting	223145.00	196	3
737	Alex	Wunderlich	1972-08-23	Director of Bean Counting	43231.00	517	3
896	Kathryn	Miller	1999-12-03	Director of Bean Counting	348272.00	690	3
522	Igor	Lance	1989-06-10	Director of Bean Counting	50951.00	361	1
744	Renata	Friedman	1990-12-08	Director of Bean Counting	107017.00	507	1
883	Jordan	Skykiller	1974-01-06	Director of Bean Counting	53912.00	507	1
972	Mickey	Schiff	2008-01-28	Director of Bean Counting	68596.00	507	1
684	Rafael	Franklin	2016-07-31	Director of Bean Counting	371303.00	490	1
998	Macy	Wilson	2006-12-07	Director of Bean Counting	174096.00	490	1
608	Bobba	Abramson	1994-10-11	Director of Bean Counting	315259.00	581	1
778	Renan	Potter	1984-01-25	Director of Bean Counting	249554.00	581	1
811	Elizabeth	Mises	2021-08-11	Director of Bean Counting	124274.00	581	1
280	Jonah	Schiff	1994-09-09	Director of Bean Counting	159115.00	233	1
519	Lea	Hamilton	2009-11-16	Director of Bean Counting	145893.00	233	1
563	Erik	Cruise	1977-04-22	Director of Bean Counting	250693.00	250	1
212	Trent	Hartwell	2016-12-18	Director of Bean Counting	280644.00	97	1
239	Jango	Sowell	1984-02-14	Director of Bean Counting	371231.00	114	1
260	Francis	Hamilton	2015-03-24	Director of Bean Counting	144296.00	114	1
850	Jared	Ford	2004-12-20	Director of Bean Counting	126658.00	114	1
312	Rafael	Rothbard	1979-04-12	Director of Bean Counting	326533.00	275	1
324	Alvin	Cruise	2017-09-03	Director of Bean Counting	169229.00	275	1
428	Luke	Franklin	1972-07-10	Director of Bean Counting	90932.00	275	1
462	George	Hartwell	2009-10-27	Director of Bean Counting	216281.00	275	1
498	Magdalena	Cruise	2002-04-14	Director of Bean Counting	349678.00	297	1
946	Cecilia	Hamilton	2002-05-12	Director of Bean Counting	135989.00	297	1
630	Trent	Aldrin	2005-12-29	Director of Bean Counting	65873.00	449	1
801	Jill	Mises	1982-04-07	Director of Bean Counting	397738.00	521	1
903	Lisa	Smith	2001-12-07	Director of Bean Counting	84064.00	435	1
529	Jillian	Tenney	1998-11-29	Director of Bean Counting	398140.00	467	1
743	Ben	Fett	2015-06-12	Director of Bean Counting	56012.00	467	1
707	Renan	Ford	1973-10-25	Director of Bean Counting	154924.00	555	1
942	Macy	Lincoln	1997-10-20	Director of Bean Counting	242680.00	555	1
819	Lea	Nicholson	2005-10-21	Director of Bean Counting	385061.00	442	1
914	Alex	Patrick	1993-08-16	Director of Bean Counting	130345.00	442	1
509	Lucas	Barton	2005-12-31	Director of Bean Counting	72423.00	331	2
562	Lucy	Wunderlich	2009-11-15	Director of Bean Counting	309554.00	331	2
820	Obi	Cameron	1990-08-04	Director of Bean Counting	290940.00	331	2
680	Renan	Potter	1978-09-29	Director of Bean Counting	377623.00	371	2
725	James	Cannon	1994-12-25	Director of Bean Counting	182444.00	479	2
877	Mickey	Doctor	1973-04-13	Director of Bean Counting	351848.00	720	2
652	Demi	Mises	1997-03-10	Director of Bean Counting	396534.00	500	2
777	Isabella	Wilson	2019-02-12	Director of Bean Counting	225645.00	500	2
854	Obi	Schiff	1998-12-22	Director of Bean Counting	177897.00	662	3
913	Sarah	Cannon	1980-09-22	Director of Bean Counting	88764.00	764	3
1003	Francis	Jamison	1985-08-17	Director of Bean Counting	279821.00	932	3
984	Elizabeth	Smith	2012-12-30	Director of Bean Counting	246045.00	277	3
987	Sarah	Hartwell	1986-10-22	Director of Bean Counting	400714.00	883	1
817	Bobba	Hemsworth	2019-08-03	Director of Bean Counting	185802.00	684	1
899	Elizabeth	Smith	2005-07-21	Director of Bean Counting	431899.00	684	1
860	Brandon	Brown	2003-10-11	Director of Bean Counting	192713.00	778	1
385	Jared	Wunderlich	1999-06-03	Director of Bean Counting	112911.00	280	1
660	Jillian	Miller	2003-02-08	Director of Bean Counting	71993.00	280	1
642	Liz	Barton	1983-12-22	Director of Bean Counting	173098.00	519	1
703	Karly	Hamilton	1977-02-17	Director of Bean Counting	46080.00	519	1
689	Kathryn	Cameron	2021-12-28	Director of Bean Counting	201681.00	563	1
915	Ashley	Hill	2021-12-26	Director of Bean Counting	345547.00	563	1
335	Kathy	Waters	2000-06-03	Director of Bean Counting	370711.00	212	1
353	Peter	Lance	1973-09-21	Director of Bean Counting	243806.00	212	1
431	Demi	Brown	2014-08-11	Director of Bean Counting	111348.00	212	1
255	Brian	Doctor	1994-05-31	Director of Bean Counting	351631.00	239	1
907	Jillian	Lance	1986-08-09	Director of Bean Counting	117272.00	850	1
655	Kathryn	Hinckley	1974-09-10	Director of Bean Counting	335419.00	312	1
815	Paul	Lincoln	1996-10-16	Director of Bean Counting	253372.00	312	1
549	Lea	Potter	1984-08-15	Director of Bean Counting	285352.00	498	1
593	Erik	Pack	2018-08-16	Director of Bean Counting	344246.00	498	1
654	Chris	Waters	1985-11-21	Director of Bean Counting	246135.00	498	1
823	Magdalena	Sowell	1982-02-16	Director of Bean Counting	336970.00	630	1
871	Derek	Tenney	1975-10-19	Director of Bean Counting	281033.00	509	2
629	Mary	Schiff	1982-03-18	Director of Bean Counting	250510.00	562	2
701	Kyle	Tenney	1991-02-26	Director of Bean Counting	192761.00	680	2
938	Mary	Aldrin	1982-07-02	Director of Bean Counting	263090.00	877	2
665	Amidala	Friedman	2021-01-03	Director of Bean Counting	332788.00	652	2
506	Harry	Sheeran	1990-06-24	Director of Bean Counting	66203.00	385	1
544	Mickey	Hinckley	1991-08-02	Director of Bean Counting	374922.00	385	1
644	Alex	Lincoln	1994-04-09	Director of Bean Counting	376034.00	385	1
768	George	Sowell	2000-03-17	Director of Bean Counting	240221.00	703	1
416	Jillian	Aldrin	2010-12-09	Director of Bean Counting	302418.00	335	1
747	James	Hamilton	1999-12-10	Director of Bean Counting	169987.00	335	1
810	Macy	Wilson	1999-03-26	Director of Bean Counting	80000.00	335	1
446	Kathleen	Cruise	1977-03-15	Director of Bean Counting	339841.00	353	1
855	Dan	Cameron	2004-07-02	Director of Bean Counting	191631.00	431	1
785	Karly	Senna	1985-12-21	Director of Bean Counting	143086.00	654	1
948	Jango	Senna	1982-12-12	Director of Bean Counting	108738.00	871	2
640	Sarah	Hemsworth	1972-05-29	Director of Bean Counting	349987.00	629	2
838	Amidala	Rothbard	2018-02-08	Director of Bean Counting	32439.00	665	2
568	Lucy	Armstrong	2004-02-23	Director of Bean Counting	181599.00	544	1
745	Ashley	Brown	1988-01-08	Director of Bean Counting	290740.00	446	1
951	Macy	Tenney	2000-08-18	Director of Bean Counting	150483.00	446	1
964	Kathryn	Lance	2004-02-14	Director of Bean Counting	365139.00	568	1
\.

COPY public.dependents (first_name, last_name, employee_id) FROM stdin;
Spoiled	Smith	1
DoNothing	Smith	1
Rafael	HairedBoss	2
Beta	HairedBoss	2
Beta	DeScrewed	3
Lucy	Pack	9
Alex	Pack	9
Jill	Pack	9
Han	Pack	9
Kathryn	Pack	9
John	Sowell	42
Alvin	Sowell	42
Alexander	Sowell	42
Moroni	Sowell	42
Renata	Sowell	42
Magdalena	Sheeran	603
Alex	Sheeran	603
Cecilia	Sheeran	603
Lucy	Sheeran	603
Sarah	Pine	24
Erik	Pine	24
Kathy	Lincoln	31
Elizabeth	Lincoln	31
Andre	Lincoln	31
Alexander	Lincoln	31
Jill	Johnson	733
Brian	Johnson	733
Danielle	Nicholson	370
Macy	Nicholson	370
Francis	Nicholson	370
Mary	Johnson	380
Renata	Johnson	380
Kathy	Johnson	380
Peter	Pack	22
Alex	Pack	22
Karly	Pack	22
Jordan	Pack	22
Steve	Wunderlich	121
Steve	Wunderlich	121
Liz	Wunderlich	121
Kathryn	Wunderlich	121
Alex	Mises	214
Steve	Mises	214
Dan	Mises	214
Jared	Fett	17
Paul	Miller	30
Kathryn	Miller	30
Joseph	Miller	30
Jimmy	Miller	30
Alex	Lincoln	63
Cecilia	Lincoln	63
Jillian	Lincoln	63
Lea	Lincoln	63
Demi	Lincoln	63
Peter	Abramson	66
James	Waters	11
Jillian	Waters	11
Elizabeth	Waters	11
Macy	Waters	11
Derek	Waters	11
Paul	Skykiller	472
Lucas	Skykiller	472
Igor	Skykiller	472
Cecilia	Skykiller	472
Jill	Barton	47
Kathleen	Barton	47
Kathy	Barton	47
Magdalena	Pine	87
Amidala	Pine	87
Kathleen	Pine	87
Elizabeth	Potter	95
Isabella	Potter	95
Kyle	Potter	95
Demi	Potter	95
Jill	Smith	622
Derek	Lance	722
Joseph	Lance	722
Lucy	Lance	722
Lucas	Lance	722
Mark	Lance	722
Kathleen	Lance	799
Cecilia	Lance	799
Juli	Lance	799
Alex	Schiff	193
Lea	Schiff	193
Francis	Schiff	193
Isabella	Friedman	210
Amidala	Friedman	210
Sarah	Friedman	210
Peter	Friedman	210
Abraham	Franklin	898
Joseph	Franklin	898
Karly	Franklin	898
Demi	Franklin	898
Kathryn	Johnson	967
Alex	Johnson	967
Cody	Johnson	967
George	Aldrin	15
Kathleen	Aldrin	15
Liz	Aldrin	15
Elizabeth	Aldrin	15
Juli	Aldrin	15
Karly	Franklin	16
Igor	Franklin	16
Elizabeth	Franklin	16
Sally	Franklin	16
Derek	Patrick	49
Alvin	Patrick	49
Jill	Patrick	49
John	Patrick	49
Rafael	Patrick	49
Travis	Fett	423
Kathleen	Fett	423
Ben	Fett	423
Derek	Fett	423
Steve	Fett	423
Benjamin	Schiff	541
Jango	Schiff	541
Cody	Schiff	541
Abraham	Hartwell	885
Ben	Hartwell	885
Andre	Smith	37
Demi	Smith	37
Kathryn	Smith	37
Kathy	Smith	37
Karly	Smith	37
Kathleen	Sheeran	62
Lea	Sheeran	62
Brian	Hartwell	85
Sarah	Hartwell	85
Ashley	Hartwell	85
Jill	Hartwell	85
Erik	Smith	98
Elizabeth	Smith	98
John	Smith	98
Andre	Smith	98
Brandon	Senna	216
Macy	Senna	216
Cody	Miller	25
Chris	Miller	25
Kathy	Miller	25
Peter	Pack	59
Jordan	Skykiller	67
Lehi	Skykiller	67
Amidala	Skykiller	67
Ashley	Skykiller	67
Jonah	Skykiller	67
Karly	Hartwell	158
Donald	Lance	75
Dan	Lance	75
Obi	Lance	75
Alex	Lance	75
Danielle	Lance	75
John	Friedman	249
Lisa	Mises	843
Chris	Mises	843
Obi	Mises	843
Harry	Mises	843
Liz	Tenney	887
Rafael	Tenney	887
Kathryn	Tenney	887
Sally	Tenney	887
Andre	Tenney	887
Steve	Barton	199
Lisa	Friedman	306
Steve	Friedman	306
Rafael	Miller	433
Macy	Miller	433
Jango	Miller	433
Lucy	Wunderlich	28
Jonah	Wunderlich	28
Kathryn	Wunderlich	28
Juli	Armstrong	35
Priscilla	Fett	38
Mark	Fett	38
Alex	Fett	38
Ben	Fett	38
Paul	Mises	45
Ashley	Mises	45
Juli	Aldrin	617
Sally	Aldrin	617
Lucy	Aldrin	617
Abraham	Aldrin	617
Cody	Aldrin	617
Elizabeth	Abramson	726
Igor	Johnson	201
John	Johnson	201
Ben	Johnson	201
Elizabeth	Pine	368
Renata	Pine	368
Jango	Pine	368
Magdalena	Pine	368
Danielle	Pine	368
Lucy	Miller	570
Dan	Miller	570
Mark	Miller	570
Sarah	Franklin	673
Mark	Franklin	673
Luke	Franklin	673
Sarah	Franklin	673
Mary	Schiff	714
Macy	Schiff	714
Steve	Schiff	714
Renan	Schiff	714
Obi	Aldrin	90
Andre	Aldrin	90
Priscilla	Aldrin	90
Lucy	Aldrin	90
Jimmy	Aldrin	90
Kathryn	Sheeran	92
Isabella	Sheeran	92
Cody	Sheeran	92
Cecilia	Sheeran	92
Alvin	Sheeran	92
Kathleen	Cameron	110
Cecilia	Cameron	110
Andre	Cameron	110
Kathleen	Cannon	149
Andre	Cannon	149
Jimmy	Cannon	149
Magdalena	Cannon	149
Lea	Senna	582
Igor	Senna	582
Cecilia	Patrick	20
Lucas	Doctor	23
Liz	Cameron	26
Andre	Cameron	26
Bobba	Mises	44
Travis	Mises	44
Travis	Mises	44
Erik	Wunderlich	52
Rafael	Wunderlich	52
Steve	Wunderlich	52
Kyle	Wunderlich	52
Magdalena	Wunderlich	52
Dan	Pine	54
Liz	Pine	54
Luke	Sowell	56
Donald	Sowell	56
James	Sowell	56
Ashley	Sowell	56
John	Sowell	56
Lea	Hamilton	267
Kathleen	Hamilton	267
Steve	Hamilton	267
Juli	Hamilton	267
Bobba	Hamilton	267
Cody	Cameron	369
Elizabeth	Cameron	516
Paul	Cameron	516
Paul	Cameron	516
Mary	Cameron	516
Demi	Cameron	516
Mark	Schiff	155
Alex	Schiff	155
Kathryn	Smith	89
Jonah	Wilson	598
Kathryn	Miller	344
Sarah	Barton	419
Demi	Mises	425
Brandon	Mises	425
Macy	Mises	425
Jillian	Mises	425
Peter	Franklin	53
Cecilia	Franklin	53
Lucas	Franklin	53
Erik	Franklin	53
Priscilla	Franklin	53
Renata	Franklin	191
Ashley	Franklin	191
Peter	Franklin	191
Jonathan	Tenney	68
Sarah	Tenney	68
Alex	Tenney	68
Erik	Lincoln	79
Abraham	Armstrong	206
Lisa	Armstrong	206
Kyle	Armstrong	206
Bobba	Armstrong	206
Jonah	Hartwell	564
Liz	Hartwell	564
Lea	Rothbard	782
Renata	Rothbard	782
Abraham	Rothbard	782
Macy	Rothbard	782
Jango	Rothbard	782
Alex	Brown	290
Lea	Hill	388
Lucy	Hill	388
Rafael	Sowell	734
Renan	Sowell	734
Lea	Sowell	734
Jared	Sowell	734
Lea	Armstrong	926
Macy	Potter	43
Lucas	Potter	43
Sally	Smith	46
Mary	Smith	46
Brandon	Smith	46
Alex	Smith	46
Lucas	Smith	46
Igor	Brown	700
Lea	Brown	700
Obi	Brown	700
Jared	Armstrong	959
Moroni	Armstrong	959
Kathy	Armstrong	959
Mark	Senna	29
Amidala	Senna	29
Brian	Senna	29
Joseph	Bezos	33
Luke	Bezos	33
Karly	Potter	122
Jango	Pine	236
Moroni	Miller	298
Alex	Miller	298
Demi	Miller	298
Juli	Miller	298
Igor	Miller	298
Elizabeth	Wilson	136
Ashley	Fett	198
Juli	Fett	198
Peter	Armstrong	401
Danielle	Armstrong	401
George	Armstrong	401
Dan	Armstrong	401
John	Johnson	911
Kathy	Johnson	911
Jordan	Johnson	911
Mickey	Johnson	911
Lucy	Rothbard	985
Jango	Rothbard	985
Juli	Rothbard	985
Harry	Senna	774
Sally	Senna	774
Lucy	Smith	14
George	Smith	14
Rafael	Smith	14
John	Smith	14
Alvin	Ford	78
Macy	Ford	78
Elizabeth	Ford	78
Amidala	Ford	78
Lea	Ford	78
Juli	Hamilton	160
Lucas	Hamilton	160
Demi	Hamilton	160
Peter	Hamilton	160
Renata	Hamilton	160
Mickey	Waters	476
Alex	Waters	476
Jonah	Waters	476
Lea	Waters	476
Alex	Lincoln	124
Macy	Lincoln	124
Jillian	Lincoln	124
Ashley	Pine	217
Alvin	Pine	217
Francis	Pine	217
Abraham	Pine	217
Jonathan	Doctor	456
Lucas	Doctor	456
Lea	Waters	143
Alexander	Waters	143
Paul	Franklin	180
Lucas	Franklin	180
Derek	Wunderlich	116
Jill	Wunderlich	116
Jonathan	Wunderlich	116
Dan	Wunderlich	116
Kathleen	Cannon	118
Cody	Cannon	118
Kathleen	Cannon	118
Paul	Smith	307
Steve	Smith	307
Alex	Smith	307
Ben	Smith	307
Mary	Franklin	282
Moroni	Franklin	282
Dan	Franklin	282
Danielle	Franklin	282
Liz	Sheeran	632
Jonah	Sheeran	632
Abraham	Abramson	437
Mary	Abramson	254
Jillian	Abramson	288
Joseph	Abramson	288
Jonah	Abramson	288
Alex	Brown	301
Jill	Brown	301
Benjamin	Brown	301
Lucy	Brown	301
Igor	Tenney	845
Macy	Tenney	845
Magdalena	Tenney	845
Ben	Tenney	845
Han	Cameron	129
Amidala	Cameron	129
Lucy	Cameron	129
Benjamin	Cameron	129
Luke	Cameron	129
Alex	Skykiller	960
Kathryn	Skykiller	960
Jillian	Skykiller	960
Steve	Friedman	202
Liz	Lincoln	293
Peter	Lincoln	293
Ashley	Lincoln	293
Karly	Lincoln	293
Brandon	Nicholson	311
Kyle	Nicholson	311
Sally	Nicholson	311
Demi	Nicholson	311
Jordan	Nicholson	311
Mary	Sowell	372
Lucy	Sowell	372
Lucy	Sowell	372
Mark	Sowell	372
Cecilia	Sowell	372
Ben	Hartwell	651
Macy	Hemsworth	586
Macy	Hemsworth	586
Francis	Aldrin	132
Benjamin	Senna	40
Lea	Senna	40
Jango	Senna	40
Cecilia	Senna	40
Kathleen	Waters	55
Renan	Waters	55
Moroni	Waters	55
Ashley	Doctor	84
Ben	Doctor	84
Han	Doctor	84
Jordan	Doctor	84
John	Doctor	84
Lucy	Hill	86
Brandon	Hill	86
Danielle	Hill	86
Bobba	Hill	86
Magdalena	Hill	86
Macy	Hemsworth	93
Cody	Hemsworth	93
Renata	Hemsworth	93
Liz	Abramson	39
Mickey	Abramson	39
Francis	Abramson	39
Cecilia	Abramson	39
Brandon	Doctor	72
Ben	Doctor	72
Ashley	Doctor	72
Demi	Doctor	72
Kathy	Doctor	72
Karly	Potter	76
Juli	Mises	100
Demi	Mises	100
Renan	Mises	100
Jill	Mises	100
Derek	Mises	100
Juli	Fett	424
Lucy	Fett	424
James	Fett	424
Bobba	Fett	424
Alex	Fett	424
Kyle	Lance	73
Ashley	Lance	73
Chris	Lance	73
Renata	Lance	73
Macy	Bezos	166
Donald	Bezos	166
Lea	Bezos	166
Sally	Bezos	166
Demi	Hinckley	739
Rafael	Hinckley	739
Donald	Hinckley	739
Macy	Sowell	750
Alex	Sowell	750
James	Sowell	750
Sarah	Young	352
Alexander	Young	352
Peter	Young	352
Lucy	Young	352
Jonah	Young	352
Renan	Patrick	875
Cecilia	Patrick	875
Juli	Lance	712
Kathy	Lance	712
Isabella	Patrick	133
Jonathan	Patrick	133
Renata	Hill	374
Jango	Hill	374
Alex	Hill	374
Sally	Johnson	469
Erik	Pack	748
Liz	Pack	748
Magdalena	Pack	748
Travis	Pack	748
Sarah	Pack	748
Obi	Ford	844
Travis	Ford	844
Liz	Sheeran	213
Lea	Sheeran	213
Han	Sheeran	213
Lisa	Sheeran	213
Jillian	Pine	477
Mickey	Pine	477
James	Franklin	349
Igor	Franklin	349
Chris	Franklin	349
George	Franklin	349
Juli	Franklin	349
Karly	Smith	395
Jillian	Smith	395
Bobba	Smith	395
Steve	Smith	395
Lehi	Smith	395
Lucy	Lance	889
Danielle	Lance	889
Magdalena	Lance	889
Ashley	Lance	889
Jillian	Lance	889
Liz	Lance	83
Jillian	Lance	83
John	Lance	83
Kyle	Lance	83
Jillian	Lance	83
Magdalena	Fett	209
Jill	Fett	209
Kathy	Pack	323
Renan	Pack	323
Sally	Pack	323
Alvin	Pack	323
Obi	Pack	323
Alex	Hinckley	880
Jimmy	Hinckley	880
Jimmy	Hinckley	880
Priscilla	Johnson	445
James	Smith	32
Jango	Smith	32
Rafael	Smith	32
James	Smith	32
Ashley	Smith	32
Jillian	Doctor	251
Sarah	Doctor	251
Abraham	Johnson	283
Juli	Johnson	283
Renata	Johnson	283
Alex	Johnson	283
Alex	Johnson	283
Brian	Hill	822
Cecilia	Cruise	839
Amidala	Cruise	839
Igor	Cruise	839
Derek	Sowell	174
Lisa	Sowell	174
Kathleen	Sowell	174
Jango	Sowell	174
Brandon	Sowell	174
Dan	Schiff	356
Steve	Schiff	356
Jonah	Schiff	356
Demi	Schiff	356
Jill	Franklin	542
Lucas	Franklin	542
Ben	Franklin	542
Dan	Franklin	542
Renata	Franklin	542
Peter	Wilson	60
Lucas	Wilson	60
Priscilla	Wilson	60
Luke	Wilson	60
Jimmy	Ford	106
Francis	Ford	106
Mickey	Lance	285
Elizabeth	Hill	125
Derek	Hill	125
George	Hill	125
Demi	Hill	125
Paul	Hinckley	162
Travis	Hinckley	162
Cecilia	Hinckley	162
Jill	Smith	550
Alex	Smith	550
Benjamin	Smith	550
Lucas	Smith	550
Jill	Jamison	526
Jonathan	Jamison	526
Jared	Jamison	526
Kathryn	Jamison	526
Renata	Pine	151
Kathryn	Pine	151
Obi	Nicholson	215
Macy	Nicholson	215
Lehi	Schiff	538
Mickey	Schiff	538
Jillian	Schiff	538
Lisa	Schiff	538
Cecilia	Schiff	538
Kathleen	Barton	242
Mickey	Barton	242
Francis	Brown	470
George	Brown	470
Jimmy	Brown	470
Travis	Tenney	484
George	Tenney	484
Jonah	Tenney	484
John	Tenney	484
Demi	Tenney	484
Obi	Hemsworth	489
Sally	Skykiller	486
Elizabeth	Skykiller	486
Cecilia	Skykiller	486
Harry	Doctor	447
Demi	Sowell	473
Jimmy	Sowell	473
Jared	Johnson	577
Brian	Johnson	577
Sally	Johnson	577
Elizabeth	Johnson	577
Brian	Patrick	82
Erik	Patrick	82
Kathy	Jamison	88
Luke	Sheeran	230
Peter	Jamison	228
Joseph	Rothbard	243
Alex	Rothbard	243
Lehi	Mises	468
Demi	Mises	468
Danielle	Mises	468
Karly	Mises	468
Ben	Mises	468
Jillian	Doctor	115
Joseph	Doctor	115
Cody	Hill	338
Cecilia	Hill	338
Joseph	Hill	338
Abraham	Hill	338
Jango	Hill	338
Kathy	Hill	270
Amidala	Hill	270
Lea	Cruise	530
Jimmy	Cruise	530
Sally	Cruise	530
Ben	Cruise	530
Lehi	Cruise	51
Trent	Cruise	51
Jillian	Wilson	103
Erik	Wilson	103
Peter	Armstrong	127
Steve	Armstrong	127
Jill	Franklin	219
Kathryn	Franklin	219
Steve	Franklin	219
Lehi	Franklin	219
Karly	Franklin	219
Harry	Hemsworth	330
Trent	Abramson	57
Karly	Abramson	57
Sally	Abramson	57
Sally	Abramson	57
Juli	Abramson	57
Benjamin	Bezos	71
Lisa	Bezos	71
Kyle	Lincoln	128
Lisa	Lincoln	128
Jill	Pine	168
Han	Pine	168
Mark	Pine	168
Kathleen	Smith	101
Liz	Smith	101
Trent	Smith	101
John	Smith	101
Macy	Skykiller	627
Renata	Skykiller	627
Isabella	Skykiller	627
Steve	Skykiller	627
Lucas	Lincoln	459
Isabella	Lincoln	459
Juli	Waters	134
Lehi	Waters	134
Ben	Waters	134
Mark	Fett	316
Kathryn	Fett	316
Jill	Fett	316
Juli	Fett	316
Renan	Tenney	296
Jango	Tenney	296
Danielle	Patrick	421
Sally	Schiff	574
Dan	Schiff	574
Lea	Schiff	574
Kathleen	Rothbard	694
Jordan	Hill	842
Trent	Hill	842
Elizabeth	Hill	842
Cecilia	Hill	842
James	Evans	872
Ashley	Evans	872
Renan	Evans	872
Alex	Evans	872
Macy	Nicholson	225
Isabella	Nicholson	225
Macy	Nicholson	225
Renata	Nicholson	225
Magdalena	Young	273
Juli	Schiff	208
Renata	Lance	841
Jordan	Lance	841
Joseph	Lance	841
Alex	Hamilton	444
Elizabeth	Hamilton	444
Danielle	Hamilton	444
Elizabeth	Waters	457
Sarah	Waters	457
Kathryn	Waters	457
James	Waters	457
Peter	Waters	457
Brandon	Hartwell	18
Ashley	Bezos	326
Cecilia	Bezos	326
Alvin	Bezos	326
Elizabeth	Bezos	326
Brandon	Bezos	268
Erik	Lance	207
Joseph	Lance	207
Alvin	Lance	207
Danielle	Lance	207
Juli	Lance	207
Macy	Abramson	218
Lucas	Wilson	343
Jonathan	Wilson	343
Dan	Wilson	343
Jonathan	Wilson	343
Jimmy	Wilson	343
Amidala	Young	672
Paul	Young	147
Lucas	Young	147
Alex	Young	147
Jill	Young	147
Kathryn	Young	147
Macy	Brown	265
Ashley	Brown	265
Alvin	Brown	265
Kathryn	Smith	702
Karly	Smith	702
Liz	Smith	702
Paul	Smith	702
Francis	Nicholson	796
Karly	Nicholson	796
Ben	Nicholson	796
Kyle	Nicholson	796
Luke	Skykiller	279
Renata	Skykiller	279
Liz	Cannon	514
Lucy	Cannon	514
Juli	Cannon	514
Alvin	Cannon	514
Karly	Franklin	204
Alex	Young	319
Kathleen	Young	319
Juli	Young	319
Chris	Potter	613
Jonathan	Potter	613
Isabella	Hartwell	859
Joseph	Hartwell	859
Dan	Hamilton	537
Alvin	Hamilton	537
Alex	Hamilton	537
Ashley	Schiff	159
Karly	Schiff	159
Igor	Schiff	159
Lea	Fett	448
Jared	Fett	448
Sally	Fett	448
Isabella	Fett	448
Francis	Senna	621
Lea	Senna	621
Benjamin	Senna	621
Moroni	Senna	621
Brian	Senna	621
Karly	Nicholson	391
Alexander	Nicholson	391
Lisa	Nicholson	391
Elizabeth	Nicholson	391
Mary	Nicholson	391
Donald	Hemsworth	165
Paul	Nicholson	309
Abraham	Nicholson	309
Alex	Hamilton	455
Travis	Hamilton	455
Ben	Hamilton	455
Andre	Hamilton	455
Jango	Hamilton	455
Lucy	Cameron	576
Brandon	Cameron	576
Bobba	Cameron	576
Andre	Cameron	576
Demi	Fett	663
Mary	Fett	663
Mary	Smith	757
Harry	Smith	757
Abraham	Smith	757
Cody	Smith	757
Rafael	Cruise	414
Jonathan	Cruise	414
Demi	Cruise	414
Lucas	Schiff	869
Dan	Schiff	869
Isabella	Schiff	869
George	Schiff	869
Kathryn	Tenney	934
Jonah	Tenney	934
Priscilla	Tenney	934
Macy	Tenney	934
Derek	Hemsworth	993
Elizabeth	Hemsworth	993
Jillian	Hemsworth	993
Paul	Hemsworth	993
Moroni	Hemsworth	993
Isabella	Tenney	157
Jordan	Tenney	157
Dan	Senna	708
Brian	Senna	708
Lisa	Senna	708
Alex	Senna	708
Ashley	Abramson	287
Macy	Abramson	287
Demi	Abramson	287
Jillian	Abramson	287
Priscilla	Pine	789
Renata	Cannon	222
Dan	Cannon	222
Renata	Cannon	222
Juli	Cannon	222
Han	Cannon	222
Obi	Ford	682
Demi	Ford	682
Macy	Schiff	715
Alvin	Schiff	715
Lea	Jamison	359
Elizabeth	Jamison	359
Renata	Jamison	359
Jillian	Jamison	359
Kathy	Franklin	990
Peter	Franklin	990
Kathryn	Hinckley	635
Juli	Hinckley	635
Mary	Hinckley	635
Rafael	Hinckley	635
Lisa	Waters	271
Brandon	Waters	271
Brian	Waters	271
Donald	Waters	271
Renan	Waters	271
Lea	Aldrin	245
Cecilia	Aldrin	245
Lea	Lincoln	266
Priscilla	Lincoln	266
Renata	Lincoln	266
Luke	Lincoln	266
Danielle	Lincoln	266
Alex	Doctor	383
Dan	Mises	832
Jimmy	Mises	832
Mary	Mises	832
Travis	Mises	832
Demi	Mises	832
Alex	Jamison	69
Kathy	Senna	152
Macy	Senna	152
Demi	Senna	152
Trent	Senna	152
Mark	Young	286
Alex	Wunderlich	891
Luke	Smith	939
Jared	Smith	939
Obi	Smith	939
Sally	Smith	939
Cecilia	Armstrong	104
Sarah	Armstrong	104
Alvin	Armstrong	104
Obi	Hemsworth	304
Lucas	Hemsworth	304
Cody	Hemsworth	304
Ashley	Hemsworth	304
Harry	Hemsworth	304
Renan	Wunderlich	835
Magdalena	Wunderlich	835
Priscilla	Wunderlich	835
Andre	Pine	892
Jonah	Pine	892
Chris	Abramson	493
Sally	Abramson	493
Amidala	Abramson	493
Elizabeth	Abramson	493
Dan	Abramson	493
Sarah	Lance	686
Kyle	Lance	686
Sarah	Lance	686
Jillian	Lance	686
Liz	Lance	686
Lucas	Lance	912
Jillian	Lance	912
Dan	Mises	50
Jonathan	Hartwell	94
Kathryn	Hartwell	94
Abraham	Pine	113
Peter	Pine	113
Kathleen	Pine	113
Demi	Johnson	153
Renata	Johnson	153
Paul	Lincoln	524
Karly	Lincoln	524
Lucy	Lincoln	524
Joseph	Waters	77
Igor	Waters	77
Ben	Waters	77
Abraham	Waters	77
Abraham	Mises	126
James	Mises	126
James	Mises	126
Steve	Mises	126
Cecilia	Cannon	664
Donald	Cannon	664
Juli	Tenney	407
Priscilla	Tenney	407
Kathy	Tenney	407
Mickey	Lance	648
Kyle	Lance	648
Liz	Lance	648
Lucy	Evans	693
John	Evans	693
Francis	Evans	693
Renata	Pack	438
Erik	Pack	438
Macy	Pack	438
Kathy	Pack	438
Francis	Jamison	578
Lea	Jamison	578
Trent	Jamison	578
Peter	Jamison	578
Karly	Jamison	578
Cecilia	Nicholson	624
Elizabeth	Nicholson	624
Benjamin	Nicholson	624
Renata	Evans	929
Lucas	Evans	929
Juli	Miller	142
Luke	Miller	142
Lisa	Miller	142
Jillian	Miller	142
Karly	Miller	142
Mark	Hemsworth	163
Sarah	Hemsworth	163
Jillian	Hemsworth	163
Alexander	Hemsworth	163
Mark	Hemsworth	163
Kathryn	Bezos	179
Francis	Bezos	179
Jill	Bezos	179
Han	Bezos	179
Jimmy	Pine	240
Ashley	Jamison	261
Francis	Jamison	261
Mary	Jamison	261
Macy	Jamison	261
Karly	Jamison	261
Renan	Aldrin	181
George	Aldrin	181
Chris	Friedman	406
Alvin	Friedman	406
Peter	Ford	816
Danielle	Ford	816
Alex	Ford	816
Jillian	Abramson	471
Renan	Abramson	471
Ashley	Abramson	471
Kathy	Johnson	107
Kathy	Johnson	107
Cecilia	Sheeran	146
Travis	Sheeran	146
Lisa	Sheeran	146
Kyle	Young	552
Harry	Young	552
Steve	Tenney	669
Brandon	Tenney	669
Jordan	Bezos	716
Liz	Bezos	716
Cody	Bezos	716
Kyle	Bezos	716
Danielle	Barton	34
Igor	Barton	34
Lea	Aldrin	74
Renan	Aldrin	74
Macy	Hartwell	186
Kathryn	Smith	458
Alex	Hinckley	636
Renata	Hinckley	636
Mark	Hinckley	636
Kyle	Hinckley	636
Mickey	Hill	658
Alex	Hill	658
Abraham	Sowell	742
Kathryn	Evans	386
Jango	Evans	386
Danielle	Hamilton	427
Ashley	Hamilton	427
Derek	Hamilton	427
Liz	Hamilton	427
Jonathan	Hamilton	427
Jill	Abramson	197
Cecilia	Hemsworth	200
Macy	Hemsworth	200
Andre	Hemsworth	200
Juli	Hemsworth	200
Kathy	Lance	241
Jango	Lance	241
Demi	Lance	241
Kathleen	Pack	653
Jill	Pack	653
Mary	Pack	653
Derek	Pack	653
Cecilia	Pack	653
Jill	Cameron	102
Danielle	Cameron	102
Lea	Cameron	102
Obi	Cameron	102
Kathy	Cameron	102
Bobba	Brown	671
Kathryn	Hill	916
Brian	Hill	916
Lea	Schiff	413
Mickey	Schiff	413
Abraham	Schiff	413
Lisa	Schiff	413
Kathryn	Young	762
Mary	Young	762
Priscilla	Tenney	231
Demi	Tenney	231
John	Tenney	231
Mary	Hill	429
Dan	Young	272
Lucy	Young	272
Lisa	Young	272
Kathleen	Hinckley	434
Danielle	Hinckley	434
Magdalena	Hinckley	434
Kyle	Cruise	808
Jillian	Cruise	808
Peter	Cruise	808
Mark	Fett	405
Demi	Evans	350
Andre	Evans	350
Alex	Senna	771
Lea	Senna	771
Cecilia	Senna	771
Karly	Johnson	961
Abraham	Johnson	961
Mickey	Johnson	961
Mary	Johnson	961
Kathleen	Jamison	692
Juli	Jamison	692
Kathy	Jamison	692
Sally	Hartwell	988
Magdalena	Fett	920
Cecilia	Fett	920
Jimmy	Fett	920
Donald	Brown	776
Steve	Brown	776
Danielle	Brown	776
Renata	Brown	776
Kathryn	Armstrong	120
Amidala	Armstrong	120
Kyle	Armstrong	120
Ashley	Armstrong	120
Karly	Ford	767
Juli	Ford	767
Alvin	Ford	767
Benjamin	Ford	767
Danielle	Nicholson	752
John	Tenney	192
Liz	Tenney	192
Alex	Tenney	192
Mary	Tenney	192
Priscilla	Wunderlich	337
Lucy	Wunderlich	337
Mark	Wunderlich	337
Joseph	Wunderlich	337
Alexander	Wunderlich	337
Brian	Skykiller	510
Kathleen	Skykiller	510
Francis	Skykiller	510
Alex	Bezos	784
Kathy	Bezos	784
Chris	Bezos	784
Jillian	Bezos	784
Jared	Aldrin	315
Lucas	Aldrin	315
Juli	Aldrin	315
Jordan	Aldrin	315
Kathryn	Aldrin	315
Demi	Aldrin	735
Jango	Aldrin	735
Danielle	Lincoln	626
Lisa	Lincoln	626
Erik	Lincoln	626
Liz	Potter	175
Trent	Sheeran	289
Magdalena	Sheeran	289
Mickey	Sheeran	289
Jill	Tenney	302
Brian	Tenney	302
Jango	Tenney	302
Travis	Sheeran	558
Andre	Sheeran	558
Renata	Sheeran	558
Mickey	Sheeran	558
Ashley	Sheeran	558
Isabella	Pine	600
Renan	Wilson	935
Alexander	Evans	790
Harry	Evans	790
Sally	Evans	790
Lea	Evans	790
Peter	Evans	790
Jillian	Nicholson	96
Demi	Nicholson	96
Brian	Nicholson	96
Cecilia	Nicholson	96
Liz	Nicholson	96
Francis	Rothbard	182
Kathy	Rothbard	182
Kathleen	Cruise	515
Joseph	Waters	830
Renata	Waters	830
Alex	Hinckley	252
Steve	Waters	958
Juli	Waters	958
Chris	Doctor	303
Bobba	Doctor	303
Jango	Doctor	303
Sarah	Jamison	362
Moroni	Barton	928
Mary	Barton	928
Priscilla	Barton	928
Amidala	Waters	699
Elizabeth	Waters	699
Elizabeth	Waters	699
Priscilla	Senna	461
Karly	Senna	461
Chris	Senna	461
Jordan	Senna	461
Travis	Johnson	540
Jordan	Johnson	540
Amidala	Johnson	540
Lea	Johnson	540
Derek	Nicholson	732
Renan	Nicholson	732
Mary	Nicholson	732
Renan	Nicholson	732
Cody	Nicholson	732
Jared	Sowell	81
Kathleen	Sowell	81
Ashley	Sowell	81
Kathleen	Sowell	109
Travis	Hill	426
Paul	Hill	426
Liz	Hill	426
Jillian	Hill	426
Ben	Armstrong	226
Renan	Armstrong	226
Harry	Armstrong	226
Amidala	Friedman	365
Alexander	Friedman	365
Jillian	Friedman	365
Kathy	Cameron	536
Jonah	Cameron	536
Jillian	Cameron	536
Lucas	Cameron	536
Karly	Brown	172
Mark	Brown	172
Danielle	Brown	172
Rafael	Brown	172
Han	Brown	172
Alex	Hartwell	354
Jonathan	Hartwell	354
Mary	Hartwell	354
Lisa	Hartwell	354
Igor	Johnson	781
Jonah	Johnson	781
Cody	Cruise	797
Moroni	Cruise	797
Igor	Cruise	797
Jango	Cruise	797
Magdalena	Sowell	800
Isabella	Ford	190
Erik	Ford	190
Kathryn	Ford	190
Jared	Ford	190
Renata	Ford	190
John	Cannon	373
Priscilla	Jamison	668
Derek	Jamison	668
Mary	Jamison	668
Peter	Jamison	668
George	Smith	408
Igor	Smith	408
Kathy	Smith	408
Benjamin	Smith	408
Erik	Cameron	465
Kathryn	Cameron	465
Magdalena	Cameron	465
Jared	Cameron	465
John	Cameron	465
Dan	Cannon	611
Brian	Cannon	611
Macy	Cannon	611
Lea	Bezos	551
Kathy	Evans	901
Obi	Pine	917
Alex	Pine	917
Cody	Pine	917
Peter	Pine	917
Macy	Cameron	691
Sarah	Cameron	691
Sally	Cameron	691
Abraham	Cameron	691
Travis	Cameron	691
Kathleen	Franklin	994
Alexander	Franklin	994
Kathleen	Franklin	994
Sally	Franklin	994
Liz	Franklin	994
Ben	Hinckley	704
Derek	Hinckley	704
Renan	Hinckley	704
Steve	Sheeran	375
Jimmy	Sheeran	375
Lehi	Cannon	418
Isabella	Cannon	418
Cecilia	Senna	440
Luke	Senna	440
Lucas	Senna	440
Steve	Senna	440
Jill	Senna	440
Alex	Young	336
Jared	Young	336
Sarah	Skykiller	485
Ben	Skykiller	485
Obi	Skykiller	532
Elizabeth	Skykiller	532
Macy	Skykiller	532
Igor	Skykiller	532
Jimmy	Skykiller	532
Brian	Lincoln	882
Kathleen	Lincoln	882
Priscilla	Lincoln	882
Alex	Lance	976
Cecilia	Lance	976
Sally	Lance	976
Elizabeth	Lance	976
Jordan	Hamilton	169
Alex	Nicholson	874
Mark	Rothbard	947
Liz	Rothbard	947
Magdalena	Ford	649
James	Ford	649
Steve	Ford	649
Sarah	Hinckley	246
Jill	Hinckley	246
Macy	Hinckley	246
Brian	Hinckley	246
Renan	Sheeran	258
Luke	Sheeran	258
Jillian	Sheeran	258
Dan	Sheeran	258
Francis	Pine	366
Kathryn	Pine	366
Paul	Pine	366
Liz	Hinckley	749
Alvin	Hinckley	749
Igor	Brown	736
Lisa	Brown	736
Renan	Brown	736
Isabella	Brown	736
Alvin	Hinckley	773
Joseph	Hinckley	773
Alex	Hill	248
Derek	Hill	248
Cody	Hill	248
Danielle	Hill	248
Amidala	Hill	248
Alex	Nicholson	346
Kathleen	Nicholson	346
Brandon	Nicholson	346
Sarah	Nicholson	346
Elizabeth	Sowell	508
Lisa	Sowell	508
Sarah	Sowell	508
Ashley	Sowell	508
Jillian	Sowell	508
Mary	Cruise	364
Amidala	Cruise	364
Lucas	Tenney	709
Renan	Tenney	709
Benjamin	Smith	825
Alex	Smith	825
Lea	Smith	825
Ben	Smith	825
Francis	Smith	825
Sarah	Evans	329
Renan	Evans	329
Trent	Evans	329
Moroni	Evans	329
Kathleen	Evans	329
Liz	Lance	569
Kathleen	Lance	569
Mary	Lance	569
Obi	Cameron	430
Kathryn	Cameron	430
Kathy	Cameron	430
Chris	Pack	513
Mary	Pack	513
Kyle	Pack	513
Harry	Tenney	724
Jango	Tenney	724
Travis	Tenney	724
Rafael	Tenney	724
Jonah	Tenney	724
Danielle	Hartwell	194
John	Hartwell	194
John	Wilson	205
Danielle	Wilson	205
Jillian	Wilson	205
Kyle	Wilson	205
Macy	Lance	502
Mark	Lance	502
Lehi	Schiff	723
Harry	Doctor	858
Mary	Doctor	858
Igor	Doctor	858
Lucas	Doctor	858
Kathy	Abramson	953
Kathleen	Abramson	953
Donald	Abramson	953
Donald	Abramson	953
Andre	Evans	585
Lea	Evans	585
Alvin	Evans	585
Lisa	Evans	585
Abraham	Jamison	940
Chris	Jamison	940
Kathryn	Jamison	940
Jillian	Nicholson	557
Brandon	Nicholson	557
Brandon	Nicholson	557
Sarah	Patrick	827
Ashley	Patrick	827
Travis	Patrick	827
Luke	Doctor	906
Lisa	Doctor	906
Alexander	Doctor	906
Isabella	Doctor	906
Priscilla	Potter	504
Amidala	Potter	504
Juli	Cruise	548
Renan	Cruise	548
Jonah	Cruise	548
Abraham	Cruise	548
Jared	Schiff	561
Amidala	Evans	342
Renata	Evans	342
Lucy	Evans	342
Kathy	Evans	342
Priscilla	Brown	805
Harry	Brown	805
Lea	Brown	805
Benjamin	Wilson	638
Kathy	Wilson	638
Travis	Wilson	638
Jill	Wilson	638
Cody	Young	284
Demi	Young	284
Demi	Young	284
Chris	Young	284
Sarah	Young	284
Chris	Armstrong	837
Bobba	Brown	876
Lea	Brown	876
Ashley	Brown	876
Magdalena	Brown	876
Karly	Brown	876
Magdalena	Sheeran	224
Brian	Sheeran	224
John	Sheeran	224
Isabella	Sheeran	224
Jill	Sheeran	224
Liz	Lance	802
Dan	Lance	802
Jordan	Miller	363
Macy	Lance	360
Mary	Lance	360
Jill	Lance	360
Ashley	Lance	360
Brandon	Lance	360
Jonah	Abramson	868
Han	Abramson	868
Alvin	Sowell	390
Elizabeth	Sowell	390
Alex	Sowell	390
Lucy	Sowell	390
Travis	Sowell	390
George	Skykiller	596
George	Young	923
Alex	Young	923
Lisa	Doctor	1004
Ashley	Doctor	1004
Jonathan	Doctor	1004
Benjamin	Doctor	1004
Han	Doctor	1004
Lucy	Cannon	211
Jill	Cannon	211
Ashley	Cannon	211
Ashley	Wunderlich	393
Trent	Wunderlich	393
Lehi	Wunderlich	393
Alvin	Wunderlich	393
Jill	Aldrin	865
Alex	Aldrin	865
Ashley	Aldrin	865
John	Aldrin	865
Jared	Hemsworth	117
Luke	Hemsworth	117
Erik	Hemsworth	117
Harry	Hemsworth	117
Kathryn	Hemsworth	117
Ben	Doctor	156
Luke	Cruise	313
Lucy	Abramson	674
Harry	Abramson	674
Magdalena	Abramson	674
Benjamin	Abramson	674
Demi	Abramson	674
Obi	Miller	339
Peter	Hill	409
Kathryn	Hill	409
Elizabeth	Hill	409
Joseph	Mises	543
Abraham	Mises	543
Alex	Mises	543
Brian	Abramson	787
Isabella	Abramson	787
Kyle	Jamison	64
Jillian	Jamison	145
Priscilla	Jamison	145
Alex	Jamison	145
Rafael	Jamison	145
Juli	Mises	378
Jango	Mises	378
Jordan	Young	497
Chris	Mises	807
Sarah	Mises	807
Brandon	Mises	807
Lisa	Mises	807
Jonathan	Mises	807
Dan	Aldrin	140
Danielle	Aldrin	140
Isabella	Friedman	341
Isabella	Jamison	853
Mary	Sheeran	615
Alex	Sheeran	615
Kathy	Sheeran	615
Jonathan	Sheeran	615
Ben	Sheeran	615
Kathryn	Franklin	189
Jordan	Young	195
Lea	Young	195
Jared	Young	195
Alex	Young	195
Trent	Young	195
Jimmy	Armstrong	464
Moroni	Armstrong	464
Francis	Armstrong	464
Jill	Friedman	495
Sally	Friedman	495
Demi	Friedman	495
Lucas	Lincoln	824
Kathryn	Lincoln	824
Kathleen	Lincoln	824
Jared	Pack	511
Juli	Pack	511
Jango	Pack	511
Lucy	Potter	639
Ben	Potter	639
Brian	Potter	639
Ashley	Pack	943
Lea	Pack	943
Liz	Pack	943
Igor	Fett	975
Lucy	Fett	975
Kathryn	Wunderlich	589
John	Johnson	772
Mark	Lance	221
Jordan	Lance	221
Amidala	Hemsworth	227
Priscilla	Hemsworth	227
Steve	Brown	263
Lisa	Young	631
Renan	Young	631
Rafael	Young	631
Sally	Hamilton	397
Cody	Johnson	793
Sally	Johnson	793
Kyle	Johnson	793
Juli	Johnson	793
Lisa	Johnson	793
Macy	Ford	278
Jill	Ford	278
Renata	Ford	278
Moroni	Ford	278
Ashley	Potter	188
Chris	Potter	188
Demi	Potter	188
Renan	Lance	867
Steve	Lance	867
Ashley	Lance	867
Jill	Miller	148
Liz	Miller	148
Abraham	Miller	148
Kathy	Miller	148
Derek	Miller	148
Mary	Hinckley	463
Obi	Hinckley	463
Amidala	Hinckley	463
Sally	Hinckley	463
Lucy	Cameron	161
Igor	Cameron	161
Jordan	Cameron	161
Steve	Pine	178
Abraham	Pine	178
Cecilia	Pine	178
Amidala	Fett	367
Harry	Fett	367
Macy	Fett	367
Lea	Fett	367
Magdalena	Wunderlich	410
Demi	Wunderlich	410
Peter	Lance	634
Isabella	Lance	634
Bobba	Lance	634
Renata	Franklin	553
Luke	Franklin	553
Alvin	Sheeran	924
Lea	Sheeran	924
Dan	Patrick	130
Paul	Patrick	130
Alvin	Patrick	130
Mickey	Brown	137
Dan	Brown	137
Sarah	Brown	137
Peter	Brown	137
Lea	Miller	475
Jonathan	Fett	605
Sally	Fett	605
Sarah	Fett	605
Lisa	Fett	605
Sally	Fett	605
Jimmy	Rothbard	826
Mary	Rothbard	826
Obi	Doctor	170
Jill	Hemsworth	357
Priscilla	Hemsworth	357
Jonah	Hemsworth	357
Sally	Hemsworth	357
Francis	Hemsworth	357
Alex	Brown	607
Kathryn	Bezos	1006
Lea	Bezos	1006
Cecilia	Bezos	1006
Cecilia	Abramson	754
Renata	Abramson	754
Amidala	Abramson	754
Ashley	Lance	812
Sally	Lance	812
Elizabeth	Tenney	545
Cody	Tenney	545
Jango	Tenney	545
Macy	Tenney	545
Cecilia	Skykiller	728
Sarah	Skykiller	728
Alex	Skykiller	728
Kathryn	Wilson	957
Alex	Wilson	957
Kathryn	Sheeran	560
Juli	Sheeran	560
Cecilia	Sheeran	560
Jill	Johnson	244
Jango	Johnson	244
Cecilia	Johnson	244
Demi	Senna	417
Moroni	Sowell	1000
Lisa	Sowell	1000
Kathy	Sowell	1000
Demi	Pack	494
Lisa	Pack	494
Andre	Pack	494
Liz	Pack	494
Lucas	Cameron	751
Renan	Cameron	751
Liz	Cameron	751
Amidala	Cameron	751
James	Cameron	751
Abraham	Evans	847
Bobba	Evans	847
Luke	Hemsworth	857
Ashley	Tenney	873
Joseph	Tenney	873
Brandon	Tenney	873
Kyle	Hamilton	949
Alexander	Hamilton	949
Andre	Hartwell	688
Demi	Hartwell	688
Danielle	Hartwell	688
Brandon	Hartwell	688
Moroni	Hartwell	688
Ashley	Lance	741
Priscilla	Lance	741
Lea	Lance	741
Karly	Lance	741
Paul	Lance	741
Amidala	Johnson	978
Karly	Johnson	978
Amidala	Johnson	978
Jango	Johnson	978
Jonathan	Lincoln	232
Han	Lincoln	232
Cecilia	Lincoln	232
Paul	Lincoln	232
Sally	Doctor	400
Liz	Doctor	400
Donald	Barton	697
Harry	Barton	697
Juli	Barton	697
Jillian	Barton	697
Ashley	Barton	697
James	Pack	863
Isabella	Pack	863
Alex	Pack	863
Demi	Pack	863
Amidala	Pack	863
Chris	Hamilton	1005
Peter	Hamilton	1005
Lucy	Johnson	982
Trent	Evans	566
Cecilia	Evans	566
Benjamin	Barton	616
Demi	Barton	616
Sarah	Barton	616
Steve	Barton	616
Liz	Brown	602
Amidala	Brown	602
Donald	Brown	602
Erik	Brown	602
Dan	Brown	602
Karly	Waters	253
Mark	Waters	253
Elizabeth	Waters	253
Jill	Waters	253
Lucas	Waters	253
Francis	Fett	187
Kathryn	Patrick	276
Francis	Patrick	276
Demi	Patrick	276
Jared	Jamison	556
Mickey	Jamison	556
Jared	Pack	531
Kathleen	Abramson	481
Ashley	Young	439
Alvin	Young	439
Alexander	Young	439
Lea	Young	439
Benjamin	Young	765
Abraham	Young	765
Mark	Young	765
Demi	Sheeran	836
Andre	Sheeran	836
Lea	Sheeran	836
Kathleen	Sheeran	836
Jonathan	Sheeran	836
Alvin	Potter	818
Liz	Young	111
Jonah	Young	111
Trent	Sowell	402
Jordan	Sowell	402
Jango	Sowell	402
Lehi	Johnson	717
Amidala	Johnson	717
Steve	Johnson	717
Karly	Johnson	717
Trent	Johnson	717
Magdalena	Barton	171
Sally	Barton	333
Lisa	Barton	333
Sarah	Barton	333
Francis	Barton	333
Alexander	Smith	528
Elizabeth	Smith	528
Lisa	Smith	528
Demi	Smith	528
Danielle	Smith	528
Derek	Abramson	966
Han	Abramson	966
Sarah	Schiff	856
Danielle	Pine	814
Trent	Pine	814
Brian	Pine	814
Kyle	Hill	628
Steve	Hill	628
Lehi	Hill	628
Obi	Ford	821
Moroni	Ford	821
Obi	Ford	821
Paul	Ford	821
Brian	Friedman	432
Priscilla	Friedman	432
Brian	Friedman	432
Priscilla	Friedman	432
Isabella	Fett	527
Alex	Cameron	588
Ben	Cameron	588
James	Cameron	588
Alex	Cameron	588
Liz	Cameron	588
Peter	Pine	666
Amidala	Pine	666
Priscilla	Pine	666
Kathy	Abramson	894
Karly	Abramson	894
Jillian	Abramson	894
Amidala	Abramson	894
Isabella	Abramson	894
Kathryn	Cameron	758
Mark	Cameron	758
Rafael	Cameron	758
Jango	Cameron	758
Kathy	Cameron	758
Luke	Evans	112
Lisa	Evans	112
Donald	Evans	112
Jillian	Evans	112
George	Evans	112
Luke	Tenney	420
Renata	Tenney	420
Jillian	Tenney	420
Demi	Tenney	420
Liz	Nicholson	583
Han	Abramson	317
Jillian	Abramson	317
Juli	Abramson	317
Lisa	Abramson	317
Sally	Abramson	317
Lucas	Rothbard	322
Lea	Rothbard	322
Moroni	Rothbard	645
Kathryn	Rothbard	645
Harry	Rothbard	645
Dan	Rothbard	645
Lisa	Hamilton	766
George	Hamilton	766
Lea	Hamilton	766
Erik	Potter	866
Danielle	Potter	866
Macy	Young	384
Kathleen	Young	384
Alex	Young	384
Liz	Young	384
Jill	Young	384
Macy	Young	604
Cody	Young	604
Karly	Armstrong	779
Cecilia	Armstrong	779
Harry	Jamison	908
Benjamin	Jamison	908
Jimmy	Jamison	908
Lucy	Jamison	908
Elizabeth	Jamison	908
Magdalena	Brown	453
Lisa	Brown	453
Paul	Hinckley	547
Travis	Hinckley	547
Moroni	Hinckley	547
Elizabeth	Schiff	565
Erik	Sheeran	623
Lehi	Sheeran	623
Jill	Sheeran	623
Trent	Sheeran	623
Alex	Wunderlich	804
Brandon	Wunderlich	804
Rafael	Wunderlich	804
Kathy	Wunderlich	804
Macy	Wunderlich	804
Luke	Jamison	897
Danielle	Jamison	897
Kyle	Jamison	897
Danielle	Jamison	897
Danielle	Wunderlich	746
Elizabeth	Wunderlich	746
Magdalena	Wunderlich	746
Isabella	Brown	520
Chris	Johnson	505
Macy	Johnson	505
Steve	Johnson	505
Mary	Hill	944
Jillian	Hill	944
Han	Armstrong	411
Jill	Armstrong	411
Macy	Armstrong	411
Kathryn	Potter	539
Juli	Potter	539
Danielle	Potter	539
Mary	Potter	539
Luke	Potter	539
Alex	Waters	936
Mickey	Waters	936
Chris	Waters	936
Dan	Waters	936
Kathryn	Waters	936
Danielle	Hinckley	637
Jill	Hinckley	637
Ben	Hinckley	637
Mickey	Hinckley	637
Demi	Hinckley	637
Danielle	Doctor	696
Obi	Doctor	696
Harry	Doctor	696
Liz	Doctor	696
Lea	Franklin	599
Mark	Franklin	599
Kyle	Franklin	599
Lucy	Franklin	599
Kathryn	Franklin	599
Kathleen	Bezos	185
Abraham	Wilson	487
Alvin	Wilson	487
Erik	Wilson	487
Kyle	Wilson	487
Alexander	Wilson	487
Donald	Miller	184
Lisa	Miller	184
Cecilia	Miller	184
Sarah	Miller	184
Lea	Hartwell	328
Peter	Hartwell	328
Lea	Hartwell	328
Priscilla	Hartwell	328
Lucy	Bezos	618
Brian	Bezos	618
Mark	Smith	902
Joseph	Smith	902
Renan	Lincoln	80
Abraham	Hill	351
Elizabeth	Tenney	646
James	Tenney	646
Lucy	Tenney	646
Liz	Tenney	646
Obi	Tenney	646
Ashley	Cannon	740
Moroni	Cannon	740
Brian	Hinckley	523
Lucas	Hinckley	523
Renata	Hinckley	523
Danielle	Ford	474
Abraham	Ford	474
Jill	Ford	474
Ashley	Ford	474
Jillian	Aldrin	970
Paul	Aldrin	970
Lea	Aldrin	970
Amidala	Schiff	482
Travis	Schiff	482
Derek	Schiff	482
Kathleen	Schiff	482
Elizabeth	Potter	292
Renata	Nicholson	382
Jill	Nicholson	382
Karly	Nicholson	382
Ashley	Hemsworth	846
Demi	Hemsworth	846
Danielle	Hemsworth	846
Steve	Senna	389
James	Senna	389
Magdalena	Senna	389
Jared	Aldrin	965
Sarah	Aldrin	965
Rafael	Aldrin	965
Ashley	Aldrin	965
Brian	Aldrin	965
Jonah	Wilson	592
Ashley	Wilson	592
Lea	Wilson	592
Karly	Mises	398
Ashley	Mises	398
Jango	Mises	398
Juli	Aldrin	840
Igor	Aldrin	840
Isabella	Aldrin	840
Trent	Aldrin	840
Lisa	Potter	983
Jill	Potter	983
Alexander	Potter	983
Elizabeth	Hemsworth	299
Karly	Hemsworth	299
Kathryn	Hemsworth	299
Ben	Hemsworth	299
Donald	Lance	759
Demi	Lance	759
Sarah	Lance	759
Isabella	Lance	759
Lucy	Lance	759
Jonah	Sowell	881
Ashley	Sowell	881
Karly	Brown	567
Magdalena	Brown	567
Han	Brown	567
Francis	Senna	443
Jillian	Senna	443
Alex	Senna	443
Priscilla	Senna	443
Isabella	Bezos	918
Lea	Hill	305
Harry	Hill	305
Kathryn	Jamison	670
Mark	Jamison	670
Lisa	Jamison	670
Brian	Jamison	670
Peter	Jamison	670
Amidala	Nicholson	831
Alex	Nicholson	831
Alvin	Franklin	879
Andre	Franklin	879
Macy	Franklin	879
Chris	Franklin	879
Rafael	Franklin	879
Jonathan	Sheeran	573
Kathryn	Sheeran	573
Macy	Sheeran	573
Danielle	Sheeran	573
Mark	Cameron	546
Juli	Waters	661
Obi	Waters	661
Jared	Waters	661
Kathleen	Waters	661
Magdalena	Cameron	813
Obi	Cameron	813
George	Cameron	813
Lisa	Cameron	813
Alexander	Cameron	813
Danielle	Waters	769
Joseph	Waters	769
Dan	Waters	769
Jordan	Waters	769
Jill	Waters	769
Jill	Bezos	921
James	Bezos	921
Lehi	Bezos	921
Jared	Bezos	921
Lisa	Pack	164
Priscilla	Pack	164
Joseph	Pack	164
Kathryn	Pack	164
Renan	Pack	164
Priscilla	Wunderlich	695
Liz	Wunderlich	695
Cecilia	Wunderlich	695
Luke	Wunderlich	695
Sally	Wunderlich	695
Obi	Hinckley	677
Karly	Hinckley	677
Igor	Young	945
Lehi	Young	945
Luke	Young	945
Steve	Young	945
Brian	Tenney	183
Joseph	Tenney	183
Kathy	Tenney	183
Andre	Waters	659
Lucy	Waters	659
Lisa	Waters	659
Dan	Waters	659
Igor	Waters	659
Danielle	Cruise	895
Moroni	Cruise	895
Jill	Cruise	895
James	Cruise	895
Karly	Patrick	937
John	Patrick	937
Macy	Patrick	937
George	Patrick	937
Alex	Wilson	803
Harry	Wilson	803
Francis	Rothbard	488
Danielle	Rothbard	488
Kathleen	Rothbard	488
Dan	Rothbard	488
Macy	Cruise	403
Alex	Cruise	403
Dan	Cruise	403
Joseph	Cruise	403
Karly	Pack	625
Jordan	Pack	625
Cecilia	Pack	625
Brian	Pack	625
Cecilia	Miller	763
Joseph	Lincoln	1007
Igor	Hartwell	828
Mary	Hartwell	828
Erik	Cannon	412
Liz	Cannon	412
Mark	Tenney	499
Travis	Waters	559
Alex	Pine	922
Cecilia	Armstrong	579
Amidala	Armstrong	579
Sally	Armstrong	579
Jillian	Armstrong	579
Mark	Rothbard	203
Amidala	Rothbard	203
Lucas	Rothbard	203
Ashley	Hill	321
Lucy	Hill	321
Brandon	Hill	321
Elizabeth	Hill	321
Alex	Hill	321
Amidala	Cameron	620
Donald	Ford	761
Paul	Ford	761
Chris	Franklin	738
James	Cannon	833
Alex	Wilson	884
Kathleen	Wilson	884
Obi	Wilson	884
Juli	Wilson	884
Jonathan	Pine	318
Obi	Pine	318
Steve	Skykiller	340
Jimmy	Skykiller	340
Derek	Skykiller	340
Lucas	Skykiller	340
Jill	Friedman	770
Lea	Friedman	770
Danielle	Friedman	770
Moroni	Friedman	770
Jonathan	Friedman	770
Kathleen	Pine	597
Isabella	Pine	597
Cecilia	Pine	597
Paul	Pine	597
Lehi	Pine	597
Mickey	Mises	517
Elizabeth	Mises	517
Kathleen	Mises	517
Brian	Patrick	705
Jimmy	Patrick	705
Abraham	Patrick	931
Magdalena	Patrick	931
John	Patrick	931
Andre	Cruise	690
Andre	Cruise	690
Chris	Cruise	690
Isabella	Cruise	690
Jordan	Cruise	690
Trent	Tenney	888
Elizabeth	Tenney	888
Kathleen	Bezos	441
Danielle	Bezos	441
Kyle	Potter	633
Danielle	Potter	633
Macy	Lincoln	791
Peter	Lincoln	791
Jill	Lincoln	791
Alex	Friedman	678
Macy	Friedman	678
Sally	Friedman	678
Jordan	Friedman	678
Han	Pack	387
Moroni	Pack	387
Chris	Brown	851
Mary	Hill	954
Travis	Hill	954
Alex	Lincoln	999
Juli	Lincoln	999
Jimmy	Lincoln	999
Peter	Lincoln	999
Kathy	Tenney	995
Brian	Tenney	995
Moroni	Sowell	980
Lea	Sowell	980
Kathy	Sowell	980
Macy	Patrick	780
Lea	Patrick	780
James	Patrick	780
Ben	Patrick	780
Amidala	Patrick	780
Magdalena	Skykiller	989
Danielle	Skykiller	989
Igor	Skykiller	989
Donald	Skykiller	989
Sarah	Young	930
Priscilla	Young	930
Lucy	Young	930
Kathryn	Wilson	643
Amidala	Wilson	643
Andre	Wilson	643
Brian	Wilson	643
Alvin	Wilson	643
Donald	Patrick	861
George	Patrick	861
Macy	Patrick	861
Ashley	Patrick	861
Chris	Johnson	361
Lisa	Johnson	361
Danielle	Johnson	361
Lucy	Johnson	361
Ben	Sheeran	919
Travis	Sheeran	919
Liz	Sheeran	919
Kyle	Armstrong	490
Alex	Evans	581
Harry	Evans	581
Jillian	Evans	581
Macy	Evans	581
James	Evans	581
Lea	Mises	590
Francis	Mises	590
Cecilia	Mises	590
Kathryn	Senna	233
Donald	Senna	233
Peter	Mises	114
Cody	Mises	114
Andre	Brown	275
Renata	Brown	275
Kathryn	Brown	275
Paul	Brown	275
Alexander	Barton	449
Jango	Barton	449
Bobba	Waters	379
Steve	Waters	379
Mark	Waters	379
Abraham	Waters	379
Bobba	Waters	379
Harry	Brown	521
James	Brown	521
Priscilla	Brown	521
Trent	Brown	521
Priscilla	Brown	521
John	Brown	535
Donald	Brown	535
Andre	Brown	535
Lehi	Sheeran	981
Jonathan	Fett	435
Rafael	Fett	435
Jonathan	Fett	435
Derek	Fett	435
Sally	Sheeran	904
Cecilia	Sheeran	904
Sarah	Sheeran	904
Andre	Cameron	404
Jill	Cameron	404
Benjamin	Cameron	404
Joseph	Cameron	404
Sarah	Cameron	404
Renata	Young	467
Alex	Young	467
Jared	Young	467
Jillian	Young	467
Lea	Young	467
Kathy	Cruise	555
Lea	Miller	905
Lehi	Miller	905
Chris	Miller	905
Andre	Miller	905
Cecilia	Miller	905
Abraham	Skykiller	647
Sally	Skykiller	710
Jillian	Fett	442
Erik	Fett	442
Demi	Fett	442
John	Fett	685
Ashley	Fett	685
Cecilia	Fett	685
Cecilia	Fett	685
Cecilia	Fett	685
Priscilla	Hamilton	711
Francis	Hamilton	711
Renata	Hamilton	711
Andre	Hamilton	711
Lea	Hamilton	711
Brian	Brown	610
Kyle	Brown	610
Sarah	Brown	610
Jordan	Brown	610
Abraham	Brown	610
Demi	Miller	729
Alvin	Miller	729
Obi	Miller	729
Mark	Miller	729
Obi	Miller	729
Donald	Young	594
Amidala	Young	594
Paul	Doctor	996
Kathleen	Doctor	996
Amidala	Doctor	996
James	Skykiller	727
Cecilia	Skykiller	727
Isabella	Skykiller	727
Jango	Aldrin	331
Rafael	Johnson	730
Renata	Johnson	730
Jonathan	Johnson	730
Kathy	Johnson	730
Chris	Johnson	730
Renata	Young	422
Lisa	Young	422
Mary	Young	422
Cody	Mises	719
Sally	Mises	719
Mickey	Mises	719
Alex	Mises	719
Lisa	Mises	719
Luke	Tenney	720
Magdalena	Tenney	720
Amidala	Tenney	720
Jango	Tenney	720
Alex	Tenney	720
Joseph	Cruise	971
Brian	Cruise	971
Mary	Bezos	500
Elizabeth	Bezos	500
Magdalena	Bezos	500
Demi	Bezos	500
Travis	Sowell	795
Isabella	Sowell	795
Mickey	Sowell	795
Chris	Sowell	795
Lucas	Hamilton	997
Liz	Hamilton	997
Danielle	Miller	952
Dan	Miller	952
Jonah	Miller	952
Juli	Abramson	687
Igor	Abramson	687
Erik	Abramson	687
Elizabeth	Abramson	687
Alexander	Abramson	687
Jordan	Franklin	657
Lucy	Franklin	657
James	Franklin	657
Jimmy	Franklin	657
Danielle	Franklin	657
Macy	Ford	662
Moroni	Ford	662
Chris	Ford	662
Liz	Sheeran	806
Renata	Sheeran	806
Ben	Sheeran	806
Mary	Wilson	834
Sally	Wilson	834
Isabella	Wilson	786
Jillian	Wilson	786
Juli	Wilson	786
Lisa	Wilson	786
Lehi	Wilson	786
Demi	Miller	764
Juli	Miller	764
Derek	Sheeran	956
Jango	Sheeran	956
Priscilla	Johnson	932
Joseph	Johnson	932
Lucy	Johnson	932
Peter	Hemsworth	1008
Luke	Hemsworth	1008
Juli	Schiff	277
Trent	Schiff	277
Jonah	Schiff	277
Bobba	Schiff	277
Elizabeth	Wunderlich	737
Kathryn	Miller	896
George	Miller	896
Jimmy	Miller	896
Kathryn	Miller	896
Liz	Miller	896
Alex	Lance	522
Kathleen	Lance	522
Igor	Lance	522
Priscilla	Lance	522
Harry	Lance	522
Ashley	Friedman	744
Luke	Friedman	744
Lehi	Friedman	744
Karly	Friedman	744
Alex	Skykiller	883
James	Skykiller	883
Jillian	Schiff	972
Obi	Schiff	972
Derek	Schiff	972
Alex	Schiff	972
Lisa	Schiff	972
Jillian	Abramson	608
Kathy	Potter	778
Danielle	Potter	778
Danielle	Potter	778
Elizabeth	Potter	778
Liz	Potter	778
Rafael	Mises	811
Ben	Mises	811
Juli	Mises	811
Lucy	Mises	811
Kathleen	Schiff	280
Travis	Hamilton	519
Amidala	Hartwell	212
Rafael	Hartwell	212
Lucy	Hartwell	212
Jango	Hartwell	212
Jango	Hartwell	212
Renan	Hamilton	260
Sarah	Ford	850
Moroni	Ford	850
Ashley	Ford	850
Mary	Ford	850
Dan	Ford	850
Cecilia	Cruise	324
Jared	Cruise	324
Igor	Cruise	324
Liz	Franklin	428
Jonathan	Franklin	428
Mark	Franklin	428
Luke	Franklin	428
Elizabeth	Hartwell	462
Cecilia	Hartwell	462
Lehi	Hartwell	462
Harry	Hartwell	462
Lea	Hartwell	462
Harry	Cruise	498
Mary	Cruise	498
Demi	Cruise	498
James	Cruise	498
Kathryn	Hamilton	946
Kathryn	Hamilton	946
Mickey	Hamilton	946
Lucy	Hamilton	946
Sarah	Hamilton	946
Priscilla	Aldrin	630
Erik	Aldrin	630
Francis	Mises	801
Juli	Smith	903
Brandon	Smith	903
Amidala	Smith	903
Abraham	Smith	903
Kathleen	Tenney	529
James	Fett	743
James	Fett	743
Isabella	Fett	743
Brian	Fett	743
Jill	Ford	707
Brandon	Ford	707
George	Ford	707
Kathleen	Ford	707
Paul	Lincoln	942
Kathy	Lincoln	942
Jillian	Lincoln	942
Isabella	Lincoln	942
George	Lincoln	942
George	Patrick	914
George	Patrick	914
Obi	Patrick	914
Amidala	Barton	509
Isabella	Barton	509
Kathy	Barton	509
Derek	Barton	509
Benjamin	Barton	509
Brian	Wunderlich	562
Alex	Wunderlich	562
Jonah	Wunderlich	562
Jill	Wunderlich	562
Mickey	Wunderlich	562
Luke	Cameron	820
Kyle	Cameron	820
Han	Cameron	820
Kathryn	Cameron	820
Jonah	Potter	680
Mickey	Potter	680
Derek	Potter	680
Lucas	Potter	680
Macy	Potter	680
Kathy	Wilson	777
Ben	Wilson	777
Donald	Wilson	777
Brian	Wilson	777
Renan	Wilson	777
Lisa	Schiff	854
Rafael	Schiff	854
Alex	Schiff	854
Alexander	Schiff	854
Cecilia	Schiff	854
Brian	Jamison	1003
Bobba	Jamison	1003
Mary	Smith	984
Lucy	Smith	984
Alex	Smith	899
Kathryn	Smith	899
Brandon	Smith	899
Sally	Brown	860
Jillian	Brown	860
Jill	Brown	860
Kyle	Brown	860
Chris	Brown	860
Magdalena	Wunderlich	385
Karly	Wunderlich	385
Andre	Wunderlich	385
Erik	Wunderlich	385
Lucy	Wunderlich	385
Jonathan	Miller	660
Bobba	Miller	660
Paul	Miller	660
Jill	Hamilton	703
Harry	Hamilton	703
Erik	Hamilton	703
Danielle	Hamilton	703
Kathryn	Cameron	689
Dan	Hill	915
Chris	Hill	915
Jillian	Hill	915
Paul	Waters	335
Mark	Waters	335
Mickey	Waters	335
Steve	Waters	335
Liz	Lance	353
Jordan	Lance	353
Juli	Lance	353
Lea	Lance	353
Lea	Lance	353
Karly	Brown	431
Juli	Brown	431
Luke	Brown	431
Macy	Brown	431
Jango	Doctor	255
Donald	Doctor	255
Kathryn	Doctor	255
Magdalena	Doctor	255
Isabella	Lance	907
Igor	Hinckley	655
Lucy	Lincoln	815
Lucy	Lincoln	815
Lucas	Potter	549
Elizabeth	Pack	593
Lehi	Pack	593
Derek	Pack	593
Liz	Waters	654
Lucy	Waters	654
Jillian	Waters	654
Lisa	Waters	654
Isabella	Waters	654
Isabella	Sowell	823
Magdalena	Sowell	823
Rafael	Sowell	823
Kathy	Tenney	871
Cecilia	Tenney	871
Paul	Tenney	871
Sally	Tenney	871
Macy	Tenney	871
Dan	Tenney	701
Benjamin	Tenney	701
Alex	Tenney	701
Lucas	Tenney	701
Jared	Aldrin	938
Dan	Aldrin	938
Renata	Aldrin	938
Donald	Aldrin	938
Alex	Friedman	665
Renata	Friedman	665
Kathleen	Friedman	665
Mary	Sheeran	506
George	Sheeran	506
Chris	Hinckley	544
Jango	Hinckley	544
Sarah	Hinckley	544
Jill	Hinckley	544
Ben	Hinckley	544
Jonathan	Aldrin	416
Bobba	Aldrin	416
Francis	Aldrin	416
Macy	Aldrin	416
Jordan	Hamilton	747
Amidala	Hamilton	747
Derek	Hamilton	747
Lucy	Hamilton	747
Joseph	Wilson	810
Jillian	Wilson	810
Andre	Wilson	810
Travis	Wilson	810
Renata	Wilson	810
George	Cruise	446
Kathryn	Cruise	446
Lucy	Cruise	446
Lucy	Cruise	446
Lea	Cruise	446
James	Cameron	855
Andre	Senna	948
Jillian	Hemsworth	640
Demi	Hemsworth	640
Jillian	Hemsworth	640
George	Rothbard	838
Kyle	Rothbard	838
Joseph	Armstrong	568
Obi	Armstrong	568
Rafael	Armstrong	568
Danielle	Brown	745
Kathy	Brown	745
Obi	Brown	745
Igor	Brown	745
Cecilia	Brown	745
Jill	Tenney	951
Alex	Tenney	951
Igor	Tenney	951
\.

\pset format csv

-- sample queries

SELECT e.employee_id, e.first_name, e.last_name, e.salary
FROM employees e JOIN departments d ON (e.department_id = d.department_id)
WHERE d.department_name = 'Management' LIMIT 5;

SELECT d.department_name, dep.first_name, dep.last_name
FROM dependents dep 
    JOIN employees e ON (dep.employee_id = e.employee_id)
    JOIN departments d ON (e.department_id = d.department_id)
WHERE d.department_name = 'Information Technology' LIMIT 5;

SELECT e.first_name, e.last_name, e.job_title,
  format('%s %s', m.first_name, m.last_name) AS manager
FROM employees e LEFT OUTER JOIN employees m ON (e.manager_id = m.employee_id) LIMIT 5;

SELECT e.employee_id, e.first_name, e.last_name, e.salary
FROM employees e JOIN departments d ON (e.department_id = d.department_id)
WHERE d.department_name = 'Management' LIMIT 5;

SELECT d.department_name, dep.first_name, dep.last_name
FROM dependents dep 
    JOIN employees e ON (dep.employee_id = e.employee_id)
    JOIN departments d ON (e.department_id = d.department_id)
WHERE d.department_name = 'Information Technology' LIMIT 5;

SELECT e.first_name, e.last_name, e.job_title,
  format('%s %s', m.first_name, m.last_name) AS manager
FROM employees e LEFT OUTER JOIN employees m ON (e.manager_id = m.employee_id) LIMIT 5;

SELECT e.employee_id, e.first_name, e.last_name, e.salary
FROM employees e JOIN departments d ON (e.department_id = d.department_id)
WHERE d.department_name = 'Management' LIMIT 5;

SELECT d.department_name, dep.first_name, dep.last_name
FROM dependents dep 
    JOIN employees e ON (dep.employee_id = e.employee_id)
    JOIN departments d ON (e.department_id = d.department_id)
WHERE d.department_name = 'Information Technology' LIMIT 5;

SELECT e.first_name, e.last_name, e.job_title,
  format('%s %s', m.first_name, m.last_name) AS manager
FROM employees e LEFT OUTER JOIN employees m ON (e.manager_id = m.employee_id) LIMIT 5;

SELECT e.employee_id, e.first_name, e.last_name, e.salary
FROM employees e JOIN departments d ON (e.department_id = d.department_id)
WHERE d.department_name = 'Management' LIMIT 5;

SELECT d.department_name, dep.first_name, dep.last_name
FROM dependents dep 
    JOIN employees e ON (dep.employee_id = e.employee_id)
    JOIN departments d ON (e.department_id = d.department_id)
WHERE d.department_name = 'Information Technology' LIMIT 5;

SELECT e.first_name, e.last_name, e.job_title,
  format('%s %s', m.first_name, m.last_name) AS manager
FROM employees e LEFT OUTER JOIN employees m ON (e.manager_id = m.employee_id) LIMIT 5;

SELECT e.employee_id, e.first_name, e.last_name, e.salary
FROM employees e JOIN departments d ON (e.department_id = d.department_id)
WHERE d.department_name = 'Management' LIMIT 5;

SELECT d.department_name, dep.first_name, dep.last_name
FROM dependents dep 
    JOIN employees e ON (dep.employee_id = e.employee_id)
    JOIN departments d ON (e.department_id = d.department_id)
WHERE d.department_name = 'Information Technology' LIMIT 5;

SELECT e.first_name, e.last_name, e.job_title,
  format('%s %s', m.first_name, m.last_name) AS manager
FROM employees e LEFT OUTER JOIN employees m ON (e.manager_id = m.employee_id) LIMIT 5;

SELECT e.employee_id, e.first_name, e.last_name, e.salary
FROM employees e JOIN departments d ON (e.department_id = d.department_id)
WHERE d.department_name = 'Management' LIMIT 5;

SELECT d.department_name, dep.first_name, dep.last_name
FROM dependents dep 
    JOIN employees e ON (dep.employee_id = e.employee_id)
    JOIN departments d ON (e.department_id = d.department_id)
WHERE d.department_name = 'Information Technology' LIMIT 5;

SELECT e.first_name, e.last_name, e.job_title,
  format('%s %s', m.first_name, m.last_name) AS manager
FROM employees e LEFT OUTER JOIN employees m ON (e.manager_id = m.employee_id) LIMIT 5;

SELECT e.employee_id, e.first_name, e.last_name, e.salary
FROM employees e JOIN departments d ON (e.department_id = d.department_id)
WHERE d.department_name = 'Management' LIMIT 5;

SELECT d.department_name, dep.first_name, dep.last_name
FROM dependents dep 
    JOIN employees e ON (dep.employee_id = e.employee_id)
    JOIN departments d ON (e.department_id = d.department_id)
WHERE d.department_name = 'Information Technology' LIMIT 5;

SELECT e.first_name, e.last_name, e.job_title,
  format('%s %s', m.first_name, m.last_name) AS manager
FROM employees e LEFT OUTER JOIN employees m ON (e.manager_id = m.employee_id) LIMIT 5;

SELECT e.employee_id, e.first_name, e.last_name, e.salary
FROM employees e JOIN departments d ON (e.department_id = d.department_id)
WHERE d.department_name = 'Management' LIMIT 5;

SELECT d.department_name, dep.first_name, dep.last_name
FROM dependents dep 
    JOIN employees e ON (dep.employee_id = e.employee_id)
    JOIN departments d ON (e.department_id = d.department_id)
WHERE d.department_name = 'Information Technology' LIMIT 5;

SELECT e.first_name, e.last_name, e.job_title,
  format('%s %s', m.first_name, m.last_name) AS manager
FROM employees e LEFT OUTER JOIN employees m ON (e.manager_id = m.employee_id) LIMIT 5;

SELECT e.employee_id, e.first_name, e.last_name, e.salary
FROM employees e JOIN departments d ON (e.department_id = d.department_id)
WHERE d.department_name = 'Management' LIMIT 5;

SELECT d.department_name, dep.first_name, dep.last_name
FROM dependents dep 
    JOIN employees e ON (dep.employee_id = e.employee_id)
    JOIN departments d ON (e.department_id = d.department_id)
WHERE d.department_name = 'Information Technology' LIMIT 5;

SELECT e.first_name, e.last_name, e.job_title,
  format('%s %s', m.first_name, m.last_name) AS manager
FROM employees e LEFT OUTER JOIN employees m ON (e.manager_id = m.employee_id) LIMIT 5;

SELECT e.employee_id, e.first_name, e.last_name, e.salary
FROM employees e JOIN departments d ON (e.department_id = d.department_id)
WHERE d.department_name = 'Management' LIMIT 5;

SELECT d.department_name, dep.first_name, dep.last_name
FROM dependents dep 
    JOIN employees e ON (dep.employee_id = e.employee_id)
    JOIN departments d ON (e.department_id = d.department_id)
WHERE d.department_name = 'Information Technology' LIMIT 5;

SELECT e.first_name, e.last_name, e.job_title,
  format('%s %s', m.first_name, m.last_name) AS manager
FROM employees e LEFT OUTER JOIN employees m ON (e.manager_id = m.employee_id) LIMIT 5;

SELECT e.employee_id, e.first_name, e.last_name, e.salary
FROM employees e JOIN departments d ON (e.department_id = d.department_id)
WHERE d.department_name = 'Management' LIMIT 5;

SELECT d.department_name, dep.first_name, dep.last_name
FROM dependents dep 
    JOIN employees e ON (dep.employee_id = e.employee_id)
    JOIN departments d ON (e.department_id = d.department_id)
WHERE d.department_name = 'Information Technology' LIMIT 5;

SELECT e.first_name, e.last_name, e.job_title,
  format('%s %s', m.first_name, m.last_name) AS manager
FROM employees e LEFT OUTER JOIN employees m ON (e.manager_id = m.employee_id) LIMIT 5;

SELECT e.employee_id, e.first_name, e.last_name, e.salary
FROM employees e JOIN departments d ON (e.department_id = d.department_id)
WHERE d.department_name = 'Management' LIMIT 5;

SELECT d.department_name, dep.first_name, dep.last_name
FROM dependents dep 
    JOIN employees e ON (dep.employee_id = e.employee_id)
    JOIN departments d ON (e.department_id = d.department_id)
WHERE d.department_name = 'Information Technology' LIMIT 5;

SELECT e.first_name, e.last_name, e.job_title,
  format('%s %s', m.first_name, m.last_name) AS manager
FROM employees e LEFT OUTER JOIN employees m ON (e.manager_id = m.employee_id) LIMIT 5;

SELECT e.employee_id, e.first_name, e.last_name, e.salary
FROM employees e JOIN departments d ON (e.department_id = d.department_id)
WHERE d.department_name = 'Management' LIMIT 5;

SELECT d.department_name, dep.first_name, dep.last_name
FROM dependents dep 
    JOIN employees e ON (dep.employee_id = e.employee_id)
    JOIN departments d ON (e.department_id = d.department_id)
WHERE d.department_name = 'Information Technology' LIMIT 5;

SELECT e.first_name, e.last_name, e.job_title,
  format('%s %s', m.first_name, m.last_name) AS manager
FROM employees e LEFT OUTER JOIN employees m ON (e.manager_id = m.employee_id) LIMIT 5;

SELECT e.employee_id, e.first_name, e.last_name, e.salary
FROM employees e JOIN departments d ON (e.department_id = d.department_id)
WHERE d.department_name = 'Management' LIMIT 5;

SELECT d.department_name, dep.first_name, dep.last_name
FROM dependents dep 
    JOIN employees e ON (dep.employee_id = e.employee_id)
    JOIN departments d ON (e.department_id = d.department_id)
WHERE d.department_name = 'Information Technology' LIMIT 5;

SELECT e.first_name, e.last_name, e.job_title,
  format('%s %s', m.first_name, m.last_name) AS manager
FROM employees e LEFT OUTER JOIN employees m ON (e.manager_id = m.employee_id) LIMIT 5;

SELECT e.employee_id, e.first_name, e.last_name, e.salary
FROM employees e JOIN departments d ON (e.department_id = d.department_id)
WHERE d.department_name = 'Management' LIMIT 5;

SELECT d.department_name, dep.first_name, dep.last_name
FROM dependents dep 
    JOIN employees e ON (dep.employee_id = e.employee_id)
    JOIN departments d ON (e.department_id = d.department_id)
WHERE d.department_name = 'Information Technology' LIMIT 5;

SELECT e.first_name, e.last_name, e.job_title,
  format('%s %s', m.first_name, m.last_name) AS manager
FROM employees e LEFT OUTER JOIN employees m ON (e.manager_id = m.employee_id) LIMIT 5;

SELECT e.employee_id, e.first_name, e.last_name, e.salary
FROM employees e JOIN departments d ON (e.department_id = d.department_id)
WHERE d.department_name = 'Management' LIMIT 5;

SELECT d.department_name, dep.first_name, dep.last_name
FROM dependents dep 
    JOIN employees e ON (dep.employee_id = e.employee_id)
    JOIN departments d ON (e.department_id = d.department_id)
WHERE d.department_name = 'Information Technology' LIMIT 5;

SELECT e.first_name, e.last_name, e.job_title,
  format('%s %s', m.first_name, m.last_name) AS manager
FROM employees e LEFT OUTER JOIN employees m ON (e.manager_id = m.employee_id) LIMIT 5;

SELECT e.employee_id, e.first_name, e.last_name, e.salary
FROM employees e JOIN departments d ON (e.department_id = d.department_id)
WHERE d.department_name = 'Management' LIMIT 5;

SELECT d.department_name, dep.first_name, dep.last_name
FROM dependents dep 
    JOIN employees e ON (dep.employee_id = e.employee_id)
    JOIN departments d ON (e.department_id = d.department_id)
WHERE d.department_name = 'Information Technology' LIMIT 5;

SELECT e.first_name, e.last_name, e.job_title,
  format('%s %s', m.first_name, m.last_name) AS manager
FROM employees e LEFT OUTER JOIN employees m ON (e.manager_id = m.employee_id) LIMIT 5;

SELECT e.employee_id, e.first_name, e.last_name, e.salary
FROM employees e JOIN departments d ON (e.department_id = d.department_id)
WHERE d.department_name = 'Management' LIMIT 5;

SELECT d.department_name, dep.first_name, dep.last_name
FROM dependents dep 
    JOIN employees e ON (dep.employee_id = e.employee_id)
    JOIN departments d ON (e.department_id = d.department_id)
WHERE d.department_name = 'Information Technology' LIMIT 5;

SELECT e.first_name, e.last_name, e.job_title,
  format('%s %s', m.first_name, m.last_name) AS manager
FROM employees e LEFT OUTER JOIN employees m ON (e.manager_id = m.employee_id) LIMIT 5;

SELECT e.employee_id, e.first_name, e.last_name, e.salary
FROM employees e JOIN departments d ON (e.department_id = d.department_id)
WHERE d.department_name = 'Management' LIMIT 5;

SELECT d.department_name, dep.first_name, dep.last_name
FROM dependents dep 
    JOIN employees e ON (dep.employee_id = e.employee_id)
    JOIN departments d ON (e.department_id = d.department_id)
WHERE d.department_name = 'Information Technology' LIMIT 5;

SELECT e.first_name, e.last_name, e.job_title,
  format('%s %s', m.first_name, m.last_name) AS manager
FROM employees e LEFT OUTER JOIN employees m ON (e.manager_id = m.employee_id) LIMIT 5;

SELECT e.employee_id, e.first_name, e.last_name, e.salary
FROM employees e JOIN departments d ON (e.department_id = d.department_id)
WHERE d.department_name = 'Management' LIMIT 5;

SELECT d.department_name, dep.first_name, dep.last_name
FROM dependents dep 
    JOIN employees e ON (dep.employee_id = e.employee_id)
    JOIN departments d ON (e.department_id = d.department_id)
WHERE d.department_name = 'Information Technology' LIMIT 5;

SELECT e.first_name, e.last_name, e.job_title,
  format('%s %s', m.first_name, m.last_name) AS manager
FROM employees e LEFT OUTER JOIN employees m ON (e.manager_id = m.employee_id) LIMIT 5;

\pset format aligned
